Watching for file changes with StatReloader
D:\Project\bookstore\bookstore\urls.py changed, reloading.
Watching for file changes with StatReloader
Watching for file changes with StatReloader
D:\Project\bookstore\bookstore\urls.py changed, reloading.
D:\Project\bookstore\bookstore\urls.py changed, reloading.
Watching for file changes with StatReloader
Watching for file changes with StatReloader
Watching for file changes with StatReloader
D:\Project\bookstore\bookstore\settings.py changed, reloading.
Watching for file changes with StatReloader
D:\Project\bookstore\bookstore\settings.py changed, reloading.
Watching for file changes with StatReloader
D:\Project\bookstore\bookstore\settings.py changed, reloading.
Watching for file changes with StatReloader
D:\Project\bookstore\bookstore\settings.py changed, reloading.
Watching for file changes with StatReloader
Internal Server Error: /catalog/books/
Traceback (most recent call last):
  File "D:\Project\.venv\Lib\site-packages\django\urls\base.py", line 81, in reverse
    extra, resolver = resolver.namespace_dict[ns]
                      ~~~~~~~~~~~~~~~~~~~~~~~^^^^
KeyError: 'djdt'

During handling of the above exception, another exception occurred:

Traceback (most recent call last):
  File "D:\Project\.venv\Lib\site-packages\django\core\handlers\exception.py", line 55, in inner
    response = get_response(request)
  File "D:\Project\.venv\Lib\site-packages\debug_toolbar\middleware.py", line 160, in __call__
    return self._postprocess(request, response, toolbar)
           ~~~~~~~~~~~~~~~~~^^^^^^^^^^^^^^^^^^^^^^^^^^^^
  File "D:\Project\.venv\Lib\site-packages\debug_toolbar\middleware.py", line 204, in _postprocess
    rendered = toolbar.render_toolbar()
  File "D:\Project\.venv\Lib\site-packages\debug_toolbar\toolbar.py", line 118, in render_toolbar
    return render_to_string("debug_toolbar/base.html", context)
  File "D:\Project\.venv\Lib\site-packages\django\template\loader.py", line 62, in render_to_string
    return template.render(context, request)
           ~~~~~~~~~~~~~~~^^^^^^^^^^^^^^^^^^
  File "D:\Project\.venv\Lib\site-packages\django\template\backends\django.py", line 107, in render
    return self.template.render(context)
           ~~~~~~~~~~~~~~~~~~~~^^^^^^^^^
  File "D:\Project\.venv\Lib\site-packages\django\template\base.py", line 174, in render
    return self._render(context)
           ~~~~~~~~~~~~^^^^^^^^^
  File "D:\Project\.venv\Lib\site-packages\django\test\utils.py", line 114, in instrumented_test_render
    return self.nodelist.render(context)
           ~~~~~~~~~~~~~~~~~~~~^^^^^^^^^
  File "D:\Project\.venv\Lib\site-packages\django\template\base.py", line 1091, in render
    return SafeString("".join([node.render_annotated(context) for node in self]))
                               ~~~~~~~~~~~~~~~~~~~~~^^^^^^^^^
  File "D:\Project\.venv\Lib\site-packages\django\template\base.py", line 1052, in render_annotated
    return self.render(context)
           ~~~~~~~~~~~^^^^^^^^^
  File "D:\Project\.venv\Lib\site-packages\django\template\defaulttags.py", line 333, in render
    return nodelist.render(context)
           ~~~~~~~~~~~~~~~^^^^^^^^^
  File "D:\Project\.venv\Lib\site-packages\django\template\base.py", line 1091, in render
    return SafeString("".join([node.render_annotated(context) for node in self]))
                               ~~~~~~~~~~~~~~~~~~~~~^^^^^^^^^
  File "D:\Project\.venv\Lib\site-packages\django\template\base.py", line 1052, in render_annotated
    return self.render(context)
           ~~~~~~~~~~~^^^^^^^^^
  File "D:\Project\.venv\Lib\site-packages\django\template\defaulttags.py", line 511, in render
    url = reverse(view_name, args=args, kwargs=kwargs, current_app=current_app)
  File "D:\Project\.venv\Lib\site-packages\django\urls\base.py", line 92, in reverse
    raise NoReverseMatch("%s is not a registered namespace" % key)
django.urls.exceptions.NoReverseMatch: 'djdt' is not a registered namespace
"GET /catalog/books/ HTTP/1.1" 500 137985
Internal Server Error: /favicon.ico
Traceback (most recent call last):
  File "D:\Project\.venv\Lib\site-packages\django\urls\base.py", line 81, in reverse
    extra, resolver = resolver.namespace_dict[ns]
                      ~~~~~~~~~~~~~~~~~~~~~~~^^^^
KeyError: 'djdt'

During handling of the above exception, another exception occurred:

Traceback (most recent call last):
  File "D:\Project\.venv\Lib\site-packages\django\core\handlers\exception.py", line 55, in inner
    response = get_response(request)
  File "D:\Project\.venv\Lib\site-packages\debug_toolbar\middleware.py", line 160, in __call__
    return self._postprocess(request, response, toolbar)
           ~~~~~~~~~~~~~~~~~^^^^^^^^^^^^^^^^^^^^^^^^^^^^
  File "D:\Project\.venv\Lib\site-packages\debug_toolbar\middleware.py", line 204, in _postprocess
    rendered = toolbar.render_toolbar()
  File "D:\Project\.venv\Lib\site-packages\debug_toolbar\toolbar.py", line 118, in render_toolbar
    return render_to_string("debug_toolbar/base.html", context)
  File "D:\Project\.venv\Lib\site-packages\django\template\loader.py", line 62, in render_to_string
    return template.render(context, request)
           ~~~~~~~~~~~~~~~^^^^^^^^^^^^^^^^^^
  File "D:\Project\.venv\Lib\site-packages\django\template\backends\django.py", line 107, in render
    return self.template.render(context)
           ~~~~~~~~~~~~~~~~~~~~^^^^^^^^^
  File "D:\Project\.venv\Lib\site-packages\django\template\base.py", line 174, in render
    return self._render(context)
           ~~~~~~~~~~~~^^^^^^^^^
  File "D:\Project\.venv\Lib\site-packages\django\test\utils.py", line 114, in instrumented_test_render
    return self.nodelist.render(context)
           ~~~~~~~~~~~~~~~~~~~~^^^^^^^^^
  File "D:\Project\.venv\Lib\site-packages\django\template\base.py", line 1091, in render
    return SafeString("".join([node.render_annotated(context) for node in self]))
                               ~~~~~~~~~~~~~~~~~~~~~^^^^^^^^^
  File "D:\Project\.venv\Lib\site-packages\django\template\base.py", line 1052, in render_annotated
    return self.render(context)
           ~~~~~~~~~~~^^^^^^^^^
  File "D:\Project\.venv\Lib\site-packages\django\template\defaulttags.py", line 333, in render
    return nodelist.render(context)
           ~~~~~~~~~~~~~~~^^^^^^^^^
  File "D:\Project\.venv\Lib\site-packages\django\template\base.py", line 1091, in render
    return SafeString("".join([node.render_annotated(context) for node in self]))
                               ~~~~~~~~~~~~~~~~~~~~~^^^^^^^^^
  File "D:\Project\.venv\Lib\site-packages\django\template\base.py", line 1052, in render_annotated
    return self.render(context)
           ~~~~~~~~~~~^^^^^^^^^
  File "D:\Project\.venv\Lib\site-packages\django\template\defaulttags.py", line 511, in render
    url = reverse(view_name, args=args, kwargs=kwargs, current_app=current_app)
  File "D:\Project\.venv\Lib\site-packages\django\urls\base.py", line 92, in reverse
    raise NoReverseMatch("%s is not a registered namespace" % key)
django.urls.exceptions.NoReverseMatch: 'djdt' is not a registered namespace
"GET /favicon.ico HTTP/1.1" 500 137624
Internal Server Error: /catalog/books/
Traceback (most recent call last):
  File "D:\Project\.venv\Lib\site-packages\django\urls\base.py", line 81, in reverse
    extra, resolver = resolver.namespace_dict[ns]
                      ~~~~~~~~~~~~~~~~~~~~~~~^^^^
KeyError: 'djdt'

During handling of the above exception, another exception occurred:

Traceback (most recent call last):
  File "D:\Project\.venv\Lib\site-packages\django\core\handlers\exception.py", line 55, in inner
    response = get_response(request)
  File "D:\Project\.venv\Lib\site-packages\debug_toolbar\middleware.py", line 160, in __call__
    return self._postprocess(request, response, toolbar)
           ~~~~~~~~~~~~~~~~~^^^^^^^^^^^^^^^^^^^^^^^^^^^^
  File "D:\Project\.venv\Lib\site-packages\debug_toolbar\middleware.py", line 204, in _postprocess
    rendered = toolbar.render_toolbar()
  File "D:\Project\.venv\Lib\site-packages\debug_toolbar\toolbar.py", line 118, in render_toolbar
    return render_to_string("debug_toolbar/base.html", context)
  File "D:\Project\.venv\Lib\site-packages\django\template\loader.py", line 62, in render_to_string
    return template.render(context, request)
           ~~~~~~~~~~~~~~~^^^^^^^^^^^^^^^^^^
  File "D:\Project\.venv\Lib\site-packages\django\template\backends\django.py", line 107, in render
    return self.template.render(context)
           ~~~~~~~~~~~~~~~~~~~~^^^^^^^^^
  File "D:\Project\.venv\Lib\site-packages\django\template\base.py", line 174, in render
    return self._render(context)
           ~~~~~~~~~~~~^^^^^^^^^
  File "D:\Project\.venv\Lib\site-packages\django\test\utils.py", line 114, in instrumented_test_render
    return self.nodelist.render(context)
           ~~~~~~~~~~~~~~~~~~~~^^^^^^^^^
  File "D:\Project\.venv\Lib\site-packages\django\template\base.py", line 1091, in render
    return SafeString("".join([node.render_annotated(context) for node in self]))
                               ~~~~~~~~~~~~~~~~~~~~~^^^^^^^^^
  File "D:\Project\.venv\Lib\site-packages\django\template\base.py", line 1052, in render_annotated
    return self.render(context)
           ~~~~~~~~~~~^^^^^^^^^
  File "D:\Project\.venv\Lib\site-packages\django\template\defaulttags.py", line 333, in render
    return nodelist.render(context)
           ~~~~~~~~~~~~~~~^^^^^^^^^
  File "D:\Project\.venv\Lib\site-packages\django\template\base.py", line 1091, in render
    return SafeString("".join([node.render_annotated(context) for node in self]))
                               ~~~~~~~~~~~~~~~~~~~~~^^^^^^^^^
  File "D:\Project\.venv\Lib\site-packages\django\template\base.py", line 1052, in render_annotated
    return self.render(context)
           ~~~~~~~~~~~^^^^^^^^^
  File "D:\Project\.venv\Lib\site-packages\django\template\defaulttags.py", line 511, in render
    url = reverse(view_name, args=args, kwargs=kwargs, current_app=current_app)
  File "D:\Project\.venv\Lib\site-packages\django\urls\base.py", line 92, in reverse
    raise NoReverseMatch("%s is not a registered namespace" % key)
django.urls.exceptions.NoReverseMatch: 'djdt' is not a registered namespace
"GET /catalog/books/ HTTP/1.1" 500 137973
Internal Server Error: /favicon.ico
Traceback (most recent call last):
  File "D:\Project\.venv\Lib\site-packages\django\urls\base.py", line 81, in reverse
    extra, resolver = resolver.namespace_dict[ns]
                      ~~~~~~~~~~~~~~~~~~~~~~~^^^^
KeyError: 'djdt'

During handling of the above exception, another exception occurred:

Traceback (most recent call last):
  File "D:\Project\.venv\Lib\site-packages\django\core\handlers\exception.py", line 55, in inner
    response = get_response(request)
  File "D:\Project\.venv\Lib\site-packages\debug_toolbar\middleware.py", line 160, in __call__
    return self._postprocess(request, response, toolbar)
           ~~~~~~~~~~~~~~~~~^^^^^^^^^^^^^^^^^^^^^^^^^^^^
  File "D:\Project\.venv\Lib\site-packages\debug_toolbar\middleware.py", line 204, in _postprocess
    rendered = toolbar.render_toolbar()
  File "D:\Project\.venv\Lib\site-packages\debug_toolbar\toolbar.py", line 118, in render_toolbar
    return render_to_string("debug_toolbar/base.html", context)
  File "D:\Project\.venv\Lib\site-packages\django\template\loader.py", line 62, in render_to_string
    return template.render(context, request)
           ~~~~~~~~~~~~~~~^^^^^^^^^^^^^^^^^^
  File "D:\Project\.venv\Lib\site-packages\django\template\backends\django.py", line 107, in render
    return self.template.render(context)
           ~~~~~~~~~~~~~~~~~~~~^^^^^^^^^
  File "D:\Project\.venv\Lib\site-packages\django\template\base.py", line 174, in render
    return self._render(context)
           ~~~~~~~~~~~~^^^^^^^^^
  File "D:\Project\.venv\Lib\site-packages\django\test\utils.py", line 114, in instrumented_test_render
    return self.nodelist.render(context)
           ~~~~~~~~~~~~~~~~~~~~^^^^^^^^^
  File "D:\Project\.venv\Lib\site-packages\django\template\base.py", line 1091, in render
    return SafeString("".join([node.render_annotated(context) for node in self]))
                               ~~~~~~~~~~~~~~~~~~~~~^^^^^^^^^
  File "D:\Project\.venv\Lib\site-packages\django\template\base.py", line 1052, in render_annotated
    return self.render(context)
           ~~~~~~~~~~~^^^^^^^^^
  File "D:\Project\.venv\Lib\site-packages\django\template\defaulttags.py", line 333, in render
    return nodelist.render(context)
           ~~~~~~~~~~~~~~~^^^^^^^^^
  File "D:\Project\.venv\Lib\site-packages\django\template\base.py", line 1091, in render
    return SafeString("".join([node.render_annotated(context) for node in self]))
                               ~~~~~~~~~~~~~~~~~~~~~^^^^^^^^^
  File "D:\Project\.venv\Lib\site-packages\django\template\base.py", line 1052, in render_annotated
    return self.render(context)
           ~~~~~~~~~~~^^^^^^^^^
  File "D:\Project\.venv\Lib\site-packages\django\template\defaulttags.py", line 511, in render
    url = reverse(view_name, args=args, kwargs=kwargs, current_app=current_app)
  File "D:\Project\.venv\Lib\site-packages\django\urls\base.py", line 92, in reverse
    raise NoReverseMatch("%s is not a registered namespace" % key)
django.urls.exceptions.NoReverseMatch: 'djdt' is not a registered namespace
"GET /favicon.ico HTTP/1.1" 500 137624
Internal Server Error: /login/
Traceback (most recent call last):
  File "D:\Project\.venv\Lib\site-packages\django\core\handlers\exception.py", line 55, in inner
    response = get_response(request)
  File "D:\Project\.venv\Lib\site-packages\django\core\handlers\base.py", line 221, in _get_response
    response = response.render()
  File "D:\Project\.venv\Lib\site-packages\django\template\response.py", line 114, in render
    self.content = self.rendered_content
                   ^^^^^^^^^^^^^^^^^^^^^
  File "D:\Project\.venv\Lib\site-packages\django\template\response.py", line 90, in rendered_content
    template = self.resolve_template(self.template_name)
  File "D:\Project\.venv\Lib\site-packages\django\template\response.py", line 72, in resolve_template
    return select_template(template, using=self.using)
  File "D:\Project\.venv\Lib\site-packages\django\template\loader.py", line 47, in select_template
    raise TemplateDoesNotExist(", ".join(template_name_list), chain=chain)
django.template.exceptions.TemplateDoesNotExist: accounts/login.html
Internal Server Error: /login/
Traceback (most recent call last):
  File "D:\Project\.venv\Lib\site-packages\django\urls\base.py", line 81, in reverse
    extra, resolver = resolver.namespace_dict[ns]
                      ~~~~~~~~~~~~~~~~~~~~~~~^^^^
KeyError: 'djdt'

During handling of the above exception, another exception occurred:

Traceback (most recent call last):
  File "D:\Project\.venv\Lib\site-packages\django\core\handlers\exception.py", line 55, in inner
    response = get_response(request)
  File "D:\Project\.venv\Lib\site-packages\debug_toolbar\middleware.py", line 160, in __call__
    return self._postprocess(request, response, toolbar)
           ~~~~~~~~~~~~~~~~~^^^^^^^^^^^^^^^^^^^^^^^^^^^^
  File "D:\Project\.venv\Lib\site-packages\debug_toolbar\middleware.py", line 204, in _postprocess
    rendered = toolbar.render_toolbar()
  File "D:\Project\.venv\Lib\site-packages\debug_toolbar\toolbar.py", line 118, in render_toolbar
    return render_to_string("debug_toolbar/base.html", context)
  File "D:\Project\.venv\Lib\site-packages\django\template\loader.py", line 62, in render_to_string
    return template.render(context, request)
           ~~~~~~~~~~~~~~~^^^^^^^^^^^^^^^^^^
  File "D:\Project\.venv\Lib\site-packages\django\template\backends\django.py", line 107, in render
    return self.template.render(context)
           ~~~~~~~~~~~~~~~~~~~~^^^^^^^^^
  File "D:\Project\.venv\Lib\site-packages\django\template\base.py", line 174, in render
    return self._render(context)
           ~~~~~~~~~~~~^^^^^^^^^
  File "D:\Project\.venv\Lib\site-packages\django\test\utils.py", line 114, in instrumented_test_render
    return self.nodelist.render(context)
           ~~~~~~~~~~~~~~~~~~~~^^^^^^^^^
  File "D:\Project\.venv\Lib\site-packages\django\template\base.py", line 1091, in render
    return SafeString("".join([node.render_annotated(context) for node in self]))
                               ~~~~~~~~~~~~~~~~~~~~~^^^^^^^^^
  File "D:\Project\.venv\Lib\site-packages\django\template\base.py", line 1052, in render_annotated
    return self.render(context)
           ~~~~~~~~~~~^^^^^^^^^
  File "D:\Project\.venv\Lib\site-packages\django\template\defaulttags.py", line 333, in render
    return nodelist.render(context)
           ~~~~~~~~~~~~~~~^^^^^^^^^
  File "D:\Project\.venv\Lib\site-packages\django\template\base.py", line 1091, in render
    return SafeString("".join([node.render_annotated(context) for node in self]))
                               ~~~~~~~~~~~~~~~~~~~~~^^^^^^^^^
  File "D:\Project\.venv\Lib\site-packages\django\template\base.py", line 1052, in render_annotated
    return self.render(context)
           ~~~~~~~~~~~^^^^^^^^^
  File "D:\Project\.venv\Lib\site-packages\django\template\defaulttags.py", line 511, in render
    url = reverse(view_name, args=args, kwargs=kwargs, current_app=current_app)
  File "D:\Project\.venv\Lib\site-packages\django\urls\base.py", line 92, in reverse
    raise NoReverseMatch("%s is not a registered namespace" % key)
django.urls.exceptions.NoReverseMatch: 'djdt' is not a registered namespace
"GET /login/ HTTP/1.1" 500 137823
Internal Server Error: /favicon.ico
Traceback (most recent call last):
  File "D:\Project\.venv\Lib\site-packages\django\urls\base.py", line 81, in reverse
    extra, resolver = resolver.namespace_dict[ns]
                      ~~~~~~~~~~~~~~~~~~~~~~~^^^^
KeyError: 'djdt'

During handling of the above exception, another exception occurred:

Traceback (most recent call last):
  File "D:\Project\.venv\Lib\site-packages\django\core\handlers\exception.py", line 55, in inner
    response = get_response(request)
  File "D:\Project\.venv\Lib\site-packages\debug_toolbar\middleware.py", line 160, in __call__
    return self._postprocess(request, response, toolbar)
           ~~~~~~~~~~~~~~~~~^^^^^^^^^^^^^^^^^^^^^^^^^^^^
  File "D:\Project\.venv\Lib\site-packages\debug_toolbar\middleware.py", line 204, in _postprocess
    rendered = toolbar.render_toolbar()
  File "D:\Project\.venv\Lib\site-packages\debug_toolbar\toolbar.py", line 118, in render_toolbar
    return render_to_string("debug_toolbar/base.html", context)
  File "D:\Project\.venv\Lib\site-packages\django\template\loader.py", line 62, in render_to_string
    return template.render(context, request)
           ~~~~~~~~~~~~~~~^^^^^^^^^^^^^^^^^^
  File "D:\Project\.venv\Lib\site-packages\django\template\backends\django.py", line 107, in render
    return self.template.render(context)
           ~~~~~~~~~~~~~~~~~~~~^^^^^^^^^
  File "D:\Project\.venv\Lib\site-packages\django\template\base.py", line 174, in render
    return self._render(context)
           ~~~~~~~~~~~~^^^^^^^^^
  File "D:\Project\.venv\Lib\site-packages\django\test\utils.py", line 114, in instrumented_test_render
    return self.nodelist.render(context)
           ~~~~~~~~~~~~~~~~~~~~^^^^^^^^^
  File "D:\Project\.venv\Lib\site-packages\django\template\base.py", line 1091, in render
    return SafeString("".join([node.render_annotated(context) for node in self]))
                               ~~~~~~~~~~~~~~~~~~~~~^^^^^^^^^
  File "D:\Project\.venv\Lib\site-packages\django\template\base.py", line 1052, in render_annotated
    return self.render(context)
           ~~~~~~~~~~~^^^^^^^^^
  File "D:\Project\.venv\Lib\site-packages\django\template\defaulttags.py", line 333, in render
    return nodelist.render(context)
           ~~~~~~~~~~~~~~~^^^^^^^^^
  File "D:\Project\.venv\Lib\site-packages\django\template\base.py", line 1091, in render
    return SafeString("".join([node.render_annotated(context) for node in self]))
                               ~~~~~~~~~~~~~~~~~~~~~^^^^^^^^^
  File "D:\Project\.venv\Lib\site-packages\django\template\base.py", line 1052, in render_annotated
    return self.render(context)
           ~~~~~~~~~~~^^^^^^^^^
  File "D:\Project\.venv\Lib\site-packages\django\template\defaulttags.py", line 511, in render
    url = reverse(view_name, args=args, kwargs=kwargs, current_app=current_app)
  File "D:\Project\.venv\Lib\site-packages\django\urls\base.py", line 92, in reverse
    raise NoReverseMatch("%s is not a registered namespace" % key)
django.urls.exceptions.NoReverseMatch: 'djdt' is not a registered namespace
"GET /favicon.ico HTTP/1.1" 500 137616
Internal Server Error: /
Traceback (most recent call last):
  File "D:\Project\.venv\Lib\site-packages\django\urls\base.py", line 81, in reverse
    extra, resolver = resolver.namespace_dict[ns]
                      ~~~~~~~~~~~~~~~~~~~~~~~^^^^
KeyError: 'djdt'

During handling of the above exception, another exception occurred:

Traceback (most recent call last):
  File "D:\Project\.venv\Lib\site-packages\django\core\handlers\exception.py", line 55, in inner
    response = get_response(request)
  File "D:\Project\.venv\Lib\site-packages\debug_toolbar\middleware.py", line 160, in __call__
    return self._postprocess(request, response, toolbar)
           ~~~~~~~~~~~~~~~~~^^^^^^^^^^^^^^^^^^^^^^^^^^^^
  File "D:\Project\.venv\Lib\site-packages\debug_toolbar\middleware.py", line 204, in _postprocess
    rendered = toolbar.render_toolbar()
  File "D:\Project\.venv\Lib\site-packages\debug_toolbar\toolbar.py", line 118, in render_toolbar
    return render_to_string("debug_toolbar/base.html", context)
  File "D:\Project\.venv\Lib\site-packages\django\template\loader.py", line 62, in render_to_string
    return template.render(context, request)
           ~~~~~~~~~~~~~~~^^^^^^^^^^^^^^^^^^
  File "D:\Project\.venv\Lib\site-packages\django\template\backends\django.py", line 107, in render
    return self.template.render(context)
           ~~~~~~~~~~~~~~~~~~~~^^^^^^^^^
  File "D:\Project\.venv\Lib\site-packages\django\template\base.py", line 174, in render
    return self._render(context)
           ~~~~~~~~~~~~^^^^^^^^^
  File "D:\Project\.venv\Lib\site-packages\django\test\utils.py", line 114, in instrumented_test_render
    return self.nodelist.render(context)
           ~~~~~~~~~~~~~~~~~~~~^^^^^^^^^
  File "D:\Project\.venv\Lib\site-packages\django\template\base.py", line 1091, in render
    return SafeString("".join([node.render_annotated(context) for node in self]))
                               ~~~~~~~~~~~~~~~~~~~~~^^^^^^^^^
  File "D:\Project\.venv\Lib\site-packages\django\template\base.py", line 1052, in render_annotated
    return self.render(context)
           ~~~~~~~~~~~^^^^^^^^^
  File "D:\Project\.venv\Lib\site-packages\django\template\defaulttags.py", line 333, in render
    return nodelist.render(context)
           ~~~~~~~~~~~~~~~^^^^^^^^^
  File "D:\Project\.venv\Lib\site-packages\django\template\base.py", line 1091, in render
    return SafeString("".join([node.render_annotated(context) for node in self]))
                               ~~~~~~~~~~~~~~~~~~~~~^^^^^^^^^
  File "D:\Project\.venv\Lib\site-packages\django\template\base.py", line 1052, in render_annotated
    return self.render(context)
           ~~~~~~~~~~~^^^^^^^^^
  File "D:\Project\.venv\Lib\site-packages\django\template\defaulttags.py", line 511, in render
    url = reverse(view_name, args=args, kwargs=kwargs, current_app=current_app)
  File "D:\Project\.venv\Lib\site-packages\django\urls\base.py", line 92, in reverse
    raise NoReverseMatch("%s is not a registered namespace" % key)
django.urls.exceptions.NoReverseMatch: 'djdt' is not a registered namespace
"GET / HTTP/1.1" 500 137850
Internal Server Error: /favicon.ico
Traceback (most recent call last):
  File "D:\Project\.venv\Lib\site-packages\django\urls\base.py", line 81, in reverse
    extra, resolver = resolver.namespace_dict[ns]
                      ~~~~~~~~~~~~~~~~~~~~~~~^^^^
KeyError: 'djdt'

During handling of the above exception, another exception occurred:

Traceback (most recent call last):
  File "D:\Project\.venv\Lib\site-packages\django\core\handlers\exception.py", line 55, in inner
    response = get_response(request)
  File "D:\Project\.venv\Lib\site-packages\debug_toolbar\middleware.py", line 160, in __call__
    return self._postprocess(request, response, toolbar)
           ~~~~~~~~~~~~~~~~~^^^^^^^^^^^^^^^^^^^^^^^^^^^^
  File "D:\Project\.venv\Lib\site-packages\debug_toolbar\middleware.py", line 204, in _postprocess
    rendered = toolbar.render_toolbar()
  File "D:\Project\.venv\Lib\site-packages\debug_toolbar\toolbar.py", line 118, in render_toolbar
    return render_to_string("debug_toolbar/base.html", context)
  File "D:\Project\.venv\Lib\site-packages\django\template\loader.py", line 62, in render_to_string
    return template.render(context, request)
           ~~~~~~~~~~~~~~~^^^^^^^^^^^^^^^^^^
  File "D:\Project\.venv\Lib\site-packages\django\template\backends\django.py", line 107, in render
    return self.template.render(context)
           ~~~~~~~~~~~~~~~~~~~~^^^^^^^^^
  File "D:\Project\.venv\Lib\site-packages\django\template\base.py", line 174, in render
    return self._render(context)
           ~~~~~~~~~~~~^^^^^^^^^
  File "D:\Project\.venv\Lib\site-packages\django\test\utils.py", line 114, in instrumented_test_render
    return self.nodelist.render(context)
           ~~~~~~~~~~~~~~~~~~~~^^^^^^^^^
  File "D:\Project\.venv\Lib\site-packages\django\template\base.py", line 1091, in render
    return SafeString("".join([node.render_annotated(context) for node in self]))
                               ~~~~~~~~~~~~~~~~~~~~~^^^^^^^^^
  File "D:\Project\.venv\Lib\site-packages\django\template\base.py", line 1052, in render_annotated
    return self.render(context)
           ~~~~~~~~~~~^^^^^^^^^
  File "D:\Project\.venv\Lib\site-packages\django\template\defaulttags.py", line 333, in render
    return nodelist.render(context)
           ~~~~~~~~~~~~~~~^^^^^^^^^
  File "D:\Project\.venv\Lib\site-packages\django\template\base.py", line 1091, in render
    return SafeString("".join([node.render_annotated(context) for node in self]))
                               ~~~~~~~~~~~~~~~~~~~~~^^^^^^^^^
  File "D:\Project\.venv\Lib\site-packages\django\template\base.py", line 1052, in render_annotated
    return self.render(context)
           ~~~~~~~~~~~^^^^^^^^^
  File "D:\Project\.venv\Lib\site-packages\django\template\defaulttags.py", line 511, in render
    url = reverse(view_name, args=args, kwargs=kwargs, current_app=current_app)
  File "D:\Project\.venv\Lib\site-packages\django\urls\base.py", line 92, in reverse
    raise NoReverseMatch("%s is not a registered namespace" % key)
django.urls.exceptions.NoReverseMatch: 'djdt' is not a registered namespace
"GET /favicon.ico HTTP/1.1" 500 137610
D:\Project\bookstore\bookstore\urls.py changed, reloading.
D:\Project\bookstore\bookstore\urls.py changed, reloading.
Watching for file changes with StatReloader
Watching for file changes with StatReloader
D:\Project\bookstore\bookstore\urls.py changed, reloading.
D:\Project\bookstore\bookstore\urls.py changed, reloading.
Watching for file changes with StatReloader
Watching for file changes with StatReloader
D:\Project\bookstore\bookstore\urls.py changed, reloading.
Watching for file changes with StatReloader
D:\Project\bookstore\bookstore\urls.py changed, reloading.
Watching for file changes with StatReloader
D:\Project\bookstore\bookstore\urls.py changed, reloading.
D:\Project\bookstore\bookstore\urls.py changed, reloading.
Watching for file changes with StatReloader
Watching for file changes with StatReloader
Internal Server Error: /login/
Traceback (most recent call last):
  File "D:\Project\.venv\Lib\site-packages\django\core\handlers\exception.py", line 55, in inner
    response = get_response(request)
  File "D:\Project\.venv\Lib\site-packages\django\core\handlers\base.py", line 221, in _get_response
    response = response.render()
  File "D:\Project\.venv\Lib\site-packages\django\template\response.py", line 114, in render
    self.content = self.rendered_content
                   ^^^^^^^^^^^^^^^^^^^^^
  File "D:\Project\.venv\Lib\site-packages\django\template\response.py", line 90, in rendered_content
    template = self.resolve_template(self.template_name)
  File "D:\Project\.venv\Lib\site-packages\django\template\response.py", line 72, in resolve_template
    return select_template(template, using=self.using)
  File "D:\Project\.venv\Lib\site-packages\django\template\loader.py", line 47, in select_template
    raise TemplateDoesNotExist(", ".join(template_name_list), chain=chain)
django.template.exceptions.TemplateDoesNotExist: accounts/login.html
"GET /login/ HTTP/1.1" 500 110982
"GET /static/debug_toolbar/css/toolbar.css HTTP/1.1" 200 34333
"GET /static/debug_toolbar/js/toolbar.js HTTP/1.1" 200 14955
"GET /static/debug_toolbar/img/Coloured-Light.svg HTTP/1.1" 200 8697
"GET /static/debug_toolbar/img/Green.svg HTTP/1.1" 200 1029
"GET /static/debug_toolbar/css/print.css HTTP/1.1" 200 43
"GET /static/debug_toolbar/js/utils.js HTTP/1.1" 200 5041
Not Found: /favicon.ico
"GET /favicon.ico HTTP/1.1" 404 32069
Internal Server Error: /login/
Traceback (most recent call last):
  File "D:\Project\.venv\Lib\site-packages\django\core\handlers\exception.py", line 55, in inner
    response = get_response(request)
  File "D:\Project\.venv\Lib\site-packages\django\core\handlers\base.py", line 221, in _get_response
    response = response.render()
  File "D:\Project\.venv\Lib\site-packages\django\template\response.py", line 114, in render
    self.content = self.rendered_content
                   ^^^^^^^^^^^^^^^^^^^^^
  File "D:\Project\.venv\Lib\site-packages\django\template\response.py", line 90, in rendered_content
    template = self.resolve_template(self.template_name)
  File "D:\Project\.venv\Lib\site-packages\django\template\response.py", line 72, in resolve_template
    return select_template(template, using=self.using)
  File "D:\Project\.venv\Lib\site-packages\django\template\loader.py", line 47, in select_template
    raise TemplateDoesNotExist(", ".join(template_name_list), chain=chain)
django.template.exceptions.TemplateDoesNotExist: accounts/login.html
"GET /login/ HTTP/1.1" 500 110982
"GET /static/debug_toolbar/css/toolbar.css HTTP/1.1" 304 0
"GET /static/debug_toolbar/js/toolbar.js HTTP/1.1" 304 0
"GET /static/debug_toolbar/img/Coloured-Light.svg HTTP/1.1" 304 0
"GET /static/debug_toolbar/img/Green.svg HTTP/1.1" 304 0
"GET /static/debug_toolbar/css/print.css HTTP/1.1" 304 0
"GET /static/debug_toolbar/js/utils.js HTTP/1.1" 304 0
Internal Server Error: /login/
Traceback (most recent call last):
  File "D:\Project\.venv\Lib\site-packages\django\core\handlers\exception.py", line 55, in inner
    response = get_response(request)
  File "D:\Project\.venv\Lib\site-packages\django\core\handlers\base.py", line 221, in _get_response
    response = response.render()
  File "D:\Project\.venv\Lib\site-packages\django\template\response.py", line 114, in render
    self.content = self.rendered_content
                   ^^^^^^^^^^^^^^^^^^^^^
  File "D:\Project\.venv\Lib\site-packages\django\template\response.py", line 90, in rendered_content
    template = self.resolve_template(self.template_name)
  File "D:\Project\.venv\Lib\site-packages\django\template\response.py", line 72, in resolve_template
    return select_template(template, using=self.using)
  File "D:\Project\.venv\Lib\site-packages\django\template\loader.py", line 47, in select_template
    raise TemplateDoesNotExist(", ".join(template_name_list), chain=chain)
django.template.exceptions.TemplateDoesNotExist: accounts/login.html
"GET /login/ HTTP/1.1" 500 110982
Internal Server Error: /login/
Traceback (most recent call last):
  File "D:\Project\.venv\Lib\site-packages\django\core\handlers\exception.py", line 55, in inner
    response = get_response(request)
  File "D:\Project\.venv\Lib\site-packages\django\core\handlers\base.py", line 221, in _get_response
    response = response.render()
  File "D:\Project\.venv\Lib\site-packages\django\template\response.py", line 114, in render
    self.content = self.rendered_content
                   ^^^^^^^^^^^^^^^^^^^^^
  File "D:\Project\.venv\Lib\site-packages\django\template\response.py", line 90, in rendered_content
    template = self.resolve_template(self.template_name)
  File "D:\Project\.venv\Lib\site-packages\django\template\response.py", line 72, in resolve_template
    return select_template(template, using=self.using)
  File "D:\Project\.venv\Lib\site-packages\django\template\loader.py", line 47, in select_template
    raise TemplateDoesNotExist(", ".join(template_name_list), chain=chain)
django.template.exceptions.TemplateDoesNotExist: accounts/login.html
"GET /login/ HTTP/1.1" 500 110982
Internal Server Error: /login/
Traceback (most recent call last):
  File "D:\Project\.venv\Lib\site-packages\django\core\handlers\exception.py", line 55, in inner
    response = get_response(request)
  File "D:\Project\.venv\Lib\site-packages\django\core\handlers\base.py", line 221, in _get_response
    response = response.render()
  File "D:\Project\.venv\Lib\site-packages\django\template\response.py", line 114, in render
    self.content = self.rendered_content
                   ^^^^^^^^^^^^^^^^^^^^^
  File "D:\Project\.venv\Lib\site-packages\django\template\response.py", line 90, in rendered_content
    template = self.resolve_template(self.template_name)
  File "D:\Project\.venv\Lib\site-packages\django\template\response.py", line 72, in resolve_template
    return select_template(template, using=self.using)
  File "D:\Project\.venv\Lib\site-packages\django\template\loader.py", line 47, in select_template
    raise TemplateDoesNotExist(", ".join(template_name_list), chain=chain)
django.template.exceptions.TemplateDoesNotExist: accounts/login.html
"GET /login/ HTTP/1.1" 500 110982
Internal Server Error: /login/
Traceback (most recent call last):
  File "D:\Project\.venv\Lib\site-packages\django\core\handlers\exception.py", line 55, in inner
    response = get_response(request)
  File "D:\Project\.venv\Lib\site-packages\django\core\handlers\base.py", line 221, in _get_response
    response = response.render()
  File "D:\Project\.venv\Lib\site-packages\django\template\response.py", line 114, in render
    self.content = self.rendered_content
                   ^^^^^^^^^^^^^^^^^^^^^
  File "D:\Project\.venv\Lib\site-packages\django\template\response.py", line 90, in rendered_content
    template = self.resolve_template(self.template_name)
  File "D:\Project\.venv\Lib\site-packages\django\template\response.py", line 72, in resolve_template
    return select_template(template, using=self.using)
  File "D:\Project\.venv\Lib\site-packages\django\template\loader.py", line 47, in select_template
    raise TemplateDoesNotExist(", ".join(template_name_list), chain=chain)
django.template.exceptions.TemplateDoesNotExist: accounts/login.html
"GET /login/ HTTP/1.1" 500 110982
Internal Server Error: /login/
Traceback (most recent call last):
  File "D:\Project\.venv\Lib\site-packages\django\core\handlers\exception.py", line 55, in inner
    response = get_response(request)
  File "D:\Project\.venv\Lib\site-packages\django\core\handlers\base.py", line 221, in _get_response
    response = response.render()
  File "D:\Project\.venv\Lib\site-packages\django\template\response.py", line 114, in render
    self.content = self.rendered_content
                   ^^^^^^^^^^^^^^^^^^^^^
  File "D:\Project\.venv\Lib\site-packages\django\template\response.py", line 90, in rendered_content
    template = self.resolve_template(self.template_name)
  File "D:\Project\.venv\Lib\site-packages\django\template\response.py", line 72, in resolve_template
    return select_template(template, using=self.using)
  File "D:\Project\.venv\Lib\site-packages\django\template\loader.py", line 47, in select_template
    raise TemplateDoesNotExist(", ".join(template_name_list), chain=chain)
django.template.exceptions.TemplateDoesNotExist: accounts/login.html
"GET /login/ HTTP/1.1" 500 110982
Internal Server Error: /login/
Traceback (most recent call last):
  File "D:\Project\.venv\Lib\site-packages\django\core\handlers\exception.py", line 55, in inner
    response = get_response(request)
  File "D:\Project\.venv\Lib\site-packages\django\core\handlers\base.py", line 221, in _get_response
    response = response.render()
  File "D:\Project\.venv\Lib\site-packages\django\template\response.py", line 114, in render
    self.content = self.rendered_content
                   ^^^^^^^^^^^^^^^^^^^^^
  File "D:\Project\.venv\Lib\site-packages\django\template\response.py", line 90, in rendered_content
    template = self.resolve_template(self.template_name)
  File "D:\Project\.venv\Lib\site-packages\django\template\response.py", line 72, in resolve_template
    return select_template(template, using=self.using)
  File "D:\Project\.venv\Lib\site-packages\django\template\loader.py", line 47, in select_template
    raise TemplateDoesNotExist(", ".join(template_name_list), chain=chain)
django.template.exceptions.TemplateDoesNotExist: accounts/login.html
"GET /login/ HTTP/1.1" 500 110845
D:\Project\bookstore\bookstore\settings.py changed, reloading.
D:\Project\bookstore\bookstore\settings.py changed, reloading.
Watching for file changes with StatReloader
Watching for file changes with StatReloader
Internal Server Error: /login/
Traceback (most recent call last):
  File "D:\Project\.venv\Lib\site-packages\django\template\backends\django.py", line 107, in render
    return self.template.render(context)
           ~~~~~~~~~~~~~~~~~~~~^^^^^^^^^
  File "D:\Project\.venv\Lib\site-packages\django\template\base.py", line 174, in render
    return self._render(context)
           ~~~~~~~~~~~~^^^^^^^^^
  File "D:\Project\.venv\Lib\site-packages\django\test\utils.py", line 114, in instrumented_test_render
    return self.nodelist.render(context)
           ~~~~~~~~~~~~~~~~~~~~^^^^^^^^^
  File "D:\Project\.venv\Lib\site-packages\django\template\base.py", line 1091, in render
    return SafeString("".join([node.render_annotated(context) for node in self]))
                               ~~~~~~~~~~~~~~~~~~~~~^^^^^^^^^
  File "D:\Project\.venv\Lib\site-packages\django\template\base.py", line 1052, in render_annotated
    return self.render(context)
           ~~~~~~~~~~~^^^^^^^^^
  File "D:\Project\.venv\Lib\site-packages\django\template\loader_tags.py", line 135, in render
    compiled_parent = self.get_parent(context)
  File "D:\Project\.venv\Lib\site-packages\django\template\loader_tags.py", line 132, in get_parent
    return self.find_template(parent, context)
           ~~~~~~~~~~~~~~~~~~^^^^^^^^^^^^^^^^^
  File "D:\Project\.venv\Lib\site-packages\django\template\loader_tags.py", line 110, in find_template
    template, origin = context.template.engine.find_template(
                       ~~~~~~~~~~~~~~~~~~~~~~~~~~~~~~~~~~~~~^
        template_name,
        ^^^^^^^^^^^^^^
        skip=history,
        ^^^^^^^^^^^^^
    )
    ^
  File "D:\Project\.venv\Lib\site-packages\django\template\engine.py", line 163, in find_template
    raise TemplateDoesNotExist(name, tried=tried)
django.template.exceptions.TemplateDoesNotExist: catalog/base.html

The above exception was the direct cause of the following exception:

Traceback (most recent call last):
  File "D:\Project\.venv\Lib\site-packages\django\core\handlers\exception.py", line 55, in inner
    response = get_response(request)
  File "D:\Project\.venv\Lib\site-packages\django\core\handlers\base.py", line 221, in _get_response
    response = response.render()
  File "D:\Project\.venv\Lib\site-packages\django\template\response.py", line 114, in render
    self.content = self.rendered_content
                   ^^^^^^^^^^^^^^^^^^^^^
  File "D:\Project\.venv\Lib\site-packages\django\template\response.py", line 92, in rendered_content
    return template.render(context, self._request)
           ~~~~~~~~~~~~~~~^^^^^^^^^^^^^^^^^^^^^^^^
  File "D:\Project\.venv\Lib\site-packages\django\template\backends\django.py", line 109, in render
    reraise(exc, self.backend)
    ~~~~~~~^^^^^^^^^^^^^^^^^^^
  File "D:\Project\.venv\Lib\site-packages\django\template\backends\django.py", line 130, in reraise
    raise new from exc
django.template.exceptions.TemplateDoesNotExist: catalog/base.html
"GET /login/ HTTP/1.1" 500 155680
Internal Server Error: /login/
Traceback (most recent call last):
  File "D:\Project\.venv\Lib\site-packages\django\template\backends\django.py", line 107, in render
    return self.template.render(context)
           ~~~~~~~~~~~~~~~~~~~~^^^^^^^^^
  File "D:\Project\.venv\Lib\site-packages\django\template\base.py", line 174, in render
    return self._render(context)
           ~~~~~~~~~~~~^^^^^^^^^
  File "D:\Project\.venv\Lib\site-packages\django\test\utils.py", line 114, in instrumented_test_render
    return self.nodelist.render(context)
           ~~~~~~~~~~~~~~~~~~~~^^^^^^^^^
  File "D:\Project\.venv\Lib\site-packages\django\template\base.py", line 1091, in render
    return SafeString("".join([node.render_annotated(context) for node in self]))
                               ~~~~~~~~~~~~~~~~~~~~~^^^^^^^^^
  File "D:\Project\.venv\Lib\site-packages\django\template\base.py", line 1052, in render_annotated
    return self.render(context)
           ~~~~~~~~~~~^^^^^^^^^
  File "D:\Project\.venv\Lib\site-packages\django\template\loader_tags.py", line 135, in render
    compiled_parent = self.get_parent(context)
  File "D:\Project\.venv\Lib\site-packages\django\template\loader_tags.py", line 132, in get_parent
    return self.find_template(parent, context)
           ~~~~~~~~~~~~~~~~~~^^^^^^^^^^^^^^^^^
  File "D:\Project\.venv\Lib\site-packages\django\template\loader_tags.py", line 110, in find_template
    template, origin = context.template.engine.find_template(
                       ~~~~~~~~~~~~~~~~~~~~~~~~~~~~~~~~~~~~~^
        template_name,
        ^^^^^^^^^^^^^^
        skip=history,
        ^^^^^^^^^^^^^
    )
    ^
  File "D:\Project\.venv\Lib\site-packages\django\template\engine.py", line 163, in find_template
    raise TemplateDoesNotExist(name, tried=tried)
django.template.exceptions.TemplateDoesNotExist: catalog/base.html

The above exception was the direct cause of the following exception:

Traceback (most recent call last):
  File "D:\Project\.venv\Lib\site-packages\django\core\handlers\exception.py", line 55, in inner
    response = get_response(request)
  File "D:\Project\.venv\Lib\site-packages\django\core\handlers\base.py", line 221, in _get_response
    response = response.render()
  File "D:\Project\.venv\Lib\site-packages\django\template\response.py", line 114, in render
    self.content = self.rendered_content
                   ^^^^^^^^^^^^^^^^^^^^^
  File "D:\Project\.venv\Lib\site-packages\django\template\response.py", line 92, in rendered_content
    return template.render(context, self._request)
           ~~~~~~~~~~~~~~~^^^^^^^^^^^^^^^^^^^^^^^^
  File "D:\Project\.venv\Lib\site-packages\django\template\backends\django.py", line 109, in render
    reraise(exc, self.backend)
    ~~~~~~~^^^^^^^^^^^^^^^^^^^
  File "D:\Project\.venv\Lib\site-packages\django\template\backends\django.py", line 130, in reraise
    raise new from exc
django.template.exceptions.TemplateDoesNotExist: catalog/base.html
"GET /login/ HTTP/1.1" 500 155680
Watching for file changes with StatReloader
Internal Server Error: /login/
Traceback (most recent call last):
  File "D:\Project\.venv\Lib\site-packages\django\template\backends\django.py", line 107, in render
    return self.template.render(context)
           ~~~~~~~~~~~~~~~~~~~~^^^^^^^^^
  File "D:\Project\.venv\Lib\site-packages\django\template\base.py", line 174, in render
    return self._render(context)
           ~~~~~~~~~~~~^^^^^^^^^
  File "D:\Project\.venv\Lib\site-packages\django\test\utils.py", line 114, in instrumented_test_render
    return self.nodelist.render(context)
           ~~~~~~~~~~~~~~~~~~~~^^^^^^^^^
  File "D:\Project\.venv\Lib\site-packages\django\template\base.py", line 1091, in render
    return SafeString("".join([node.render_annotated(context) for node in self]))
                               ~~~~~~~~~~~~~~~~~~~~~^^^^^^^^^
  File "D:\Project\.venv\Lib\site-packages\django\template\base.py", line 1052, in render_annotated
    return self.render(context)
           ~~~~~~~~~~~^^^^^^^^^
  File "D:\Project\.venv\Lib\site-packages\django\template\loader_tags.py", line 135, in render
    compiled_parent = self.get_parent(context)
  File "D:\Project\.venv\Lib\site-packages\django\template\loader_tags.py", line 132, in get_parent
    return self.find_template(parent, context)
           ~~~~~~~~~~~~~~~~~~^^^^^^^^^^^^^^^^^
  File "D:\Project\.venv\Lib\site-packages\django\template\loader_tags.py", line 110, in find_template
    template, origin = context.template.engine.find_template(
                       ~~~~~~~~~~~~~~~~~~~~~~~~~~~~~~~~~~~~~^
        template_name,
        ^^^^^^^^^^^^^^
        skip=history,
        ^^^^^^^^^^^^^
    )
    ^
  File "D:\Project\.venv\Lib\site-packages\django\template\engine.py", line 163, in find_template
    raise TemplateDoesNotExist(name, tried=tried)
django.template.exceptions.TemplateDoesNotExist: catalog/base.html

The above exception was the direct cause of the following exception:

Traceback (most recent call last):
  File "D:\Project\.venv\Lib\site-packages\django\core\handlers\exception.py", line 55, in inner
    response = get_response(request)
  File "D:\Project\.venv\Lib\site-packages\django\core\handlers\base.py", line 221, in _get_response
    response = response.render()
  File "D:\Project\.venv\Lib\site-packages\django\template\response.py", line 114, in render
    self.content = self.rendered_content
                   ^^^^^^^^^^^^^^^^^^^^^
  File "D:\Project\.venv\Lib\site-packages\django\template\response.py", line 92, in rendered_content
    return template.render(context, self._request)
           ~~~~~~~~~~~~~~~^^^^^^^^^^^^^^^^^^^^^^^^
  File "D:\Project\.venv\Lib\site-packages\django\template\backends\django.py", line 109, in render
    reraise(exc, self.backend)
    ~~~~~~~^^^^^^^^^^^^^^^^^^^
  File "D:\Project\.venv\Lib\site-packages\django\template\backends\django.py", line 130, in reraise
    raise new from exc
django.template.exceptions.TemplateDoesNotExist: catalog/base.html
"GET /login/ HTTP/1.1" 500 155543
"GET /static/debug_toolbar/css/print.css HTTP/1.1" 304 0
"GET /static/debug_toolbar/css/toolbar.css HTTP/1.1" 304 0
"GET /static/debug_toolbar/js/toolbar.js HTTP/1.1" 304 0
"GET /static/debug_toolbar/img/Coloured-Light.svg HTTP/1.1" 304 0
"GET /static/debug_toolbar/img/Green.svg HTTP/1.1" 304 0
"GET /static/debug_toolbar/js/utils.js HTTP/1.1" 304 0
Internal Server Error: /register/
Traceback (most recent call last):
  File "D:\Project\.venv\Lib\site-packages\django\template\backends\django.py", line 107, in render
    return self.template.render(context)
           ~~~~~~~~~~~~~~~~~~~~^^^^^^^^^
  File "D:\Project\.venv\Lib\site-packages\django\template\base.py", line 174, in render
    return self._render(context)
           ~~~~~~~~~~~~^^^^^^^^^
  File "D:\Project\.venv\Lib\site-packages\django\test\utils.py", line 114, in instrumented_test_render
    return self.nodelist.render(context)
           ~~~~~~~~~~~~~~~~~~~~^^^^^^^^^
  File "D:\Project\.venv\Lib\site-packages\django\template\base.py", line 1091, in render
    return SafeString("".join([node.render_annotated(context) for node in self]))
                               ~~~~~~~~~~~~~~~~~~~~~^^^^^^^^^
  File "D:\Project\.venv\Lib\site-packages\django\template\base.py", line 1052, in render_annotated
    return self.render(context)
           ~~~~~~~~~~~^^^^^^^^^
  File "D:\Project\.venv\Lib\site-packages\django\template\loader_tags.py", line 135, in render
    compiled_parent = self.get_parent(context)
  File "D:\Project\.venv\Lib\site-packages\django\template\loader_tags.py", line 132, in get_parent
    return self.find_template(parent, context)
           ~~~~~~~~~~~~~~~~~~^^^^^^^^^^^^^^^^^
  File "D:\Project\.venv\Lib\site-packages\django\template\loader_tags.py", line 110, in find_template
    template, origin = context.template.engine.find_template(
                       ~~~~~~~~~~~~~~~~~~~~~~~~~~~~~~~~~~~~~^
        template_name,
        ^^^^^^^^^^^^^^
        skip=history,
        ^^^^^^^^^^^^^
    )
    ^
  File "D:\Project\.venv\Lib\site-packages\django\template\engine.py", line 163, in find_template
    raise TemplateDoesNotExist(name, tried=tried)
django.template.exceptions.TemplateDoesNotExist: catalog/base.html

The above exception was the direct cause of the following exception:

Traceback (most recent call last):
  File "D:\Project\.venv\Lib\site-packages\django\core\handlers\exception.py", line 55, in inner
    response = get_response(request)
  File "D:\Project\.venv\Lib\site-packages\django\core\handlers\base.py", line 221, in _get_response
    response = response.render()
  File "D:\Project\.venv\Lib\site-packages\django\template\response.py", line 114, in render
    self.content = self.rendered_content
                   ^^^^^^^^^^^^^^^^^^^^^
  File "D:\Project\.venv\Lib\site-packages\django\template\response.py", line 92, in rendered_content
    return template.render(context, self._request)
           ~~~~~~~~~~~~~~~^^^^^^^^^^^^^^^^^^^^^^^^
  File "D:\Project\.venv\Lib\site-packages\django\template\backends\django.py", line 109, in render
    reraise(exc, self.backend)
    ~~~~~~~^^^^^^^^^^^^^^^^^^^
  File "D:\Project\.venv\Lib\site-packages\django\template\backends\django.py", line 130, in reraise
    raise new from exc
django.template.exceptions.TemplateDoesNotExist: catalog/base.html
"GET /register/ HTTP/1.1" 500 154060
Internal Server Error: /register/
Traceback (most recent call last):
  File "D:\Project\.venv\Lib\site-packages\django\template\backends\django.py", line 107, in render
    return self.template.render(context)
           ~~~~~~~~~~~~~~~~~~~~^^^^^^^^^
  File "D:\Project\.venv\Lib\site-packages\django\template\base.py", line 174, in render
    return self._render(context)
           ~~~~~~~~~~~~^^^^^^^^^
  File "D:\Project\.venv\Lib\site-packages\django\test\utils.py", line 114, in instrumented_test_render
    return self.nodelist.render(context)
           ~~~~~~~~~~~~~~~~~~~~^^^^^^^^^
  File "D:\Project\.venv\Lib\site-packages\django\template\base.py", line 1091, in render
    return SafeString("".join([node.render_annotated(context) for node in self]))
                               ~~~~~~~~~~~~~~~~~~~~~^^^^^^^^^
  File "D:\Project\.venv\Lib\site-packages\django\template\base.py", line 1052, in render_annotated
    return self.render(context)
           ~~~~~~~~~~~^^^^^^^^^
  File "D:\Project\.venv\Lib\site-packages\django\template\loader_tags.py", line 135, in render
    compiled_parent = self.get_parent(context)
  File "D:\Project\.venv\Lib\site-packages\django\template\loader_tags.py", line 132, in get_parent
    return self.find_template(parent, context)
           ~~~~~~~~~~~~~~~~~~^^^^^^^^^^^^^^^^^
  File "D:\Project\.venv\Lib\site-packages\django\template\loader_tags.py", line 110, in find_template
    template, origin = context.template.engine.find_template(
                       ~~~~~~~~~~~~~~~~~~~~~~~~~~~~~~~~~~~~~^
        template_name,
        ^^^^^^^^^^^^^^
        skip=history,
        ^^^^^^^^^^^^^
    )
    ^
  File "D:\Project\.venv\Lib\site-packages\django\template\engine.py", line 163, in find_template
    raise TemplateDoesNotExist(name, tried=tried)
django.template.exceptions.TemplateDoesNotExist: catalog/base.html

The above exception was the direct cause of the following exception:

Traceback (most recent call last):
  File "D:\Project\.venv\Lib\site-packages\django\core\handlers\exception.py", line 55, in inner
    response = get_response(request)
  File "D:\Project\.venv\Lib\site-packages\django\core\handlers\base.py", line 221, in _get_response
    response = response.render()
  File "D:\Project\.venv\Lib\site-packages\django\template\response.py", line 114, in render
    self.content = self.rendered_content
                   ^^^^^^^^^^^^^^^^^^^^^
  File "D:\Project\.venv\Lib\site-packages\django\template\response.py", line 92, in rendered_content
    return template.render(context, self._request)
           ~~~~~~~~~~~~~~~^^^^^^^^^^^^^^^^^^^^^^^^
  File "D:\Project\.venv\Lib\site-packages\django\template\backends\django.py", line 109, in render
    reraise(exc, self.backend)
    ~~~~~~~^^^^^^^^^^^^^^^^^^^
  File "D:\Project\.venv\Lib\site-packages\django\template\backends\django.py", line 130, in reraise
    raise new from exc
django.template.exceptions.TemplateDoesNotExist: catalog/base.html
"GET /register/ HTTP/1.1" 500 154197
"GET /static/debug_toolbar/css/toolbar.css HTTP/1.1" 304 0
"GET /static/debug_toolbar/js/toolbar.js HTTP/1.1" 304 0
"GET /static/debug_toolbar/img/Coloured-Light.svg HTTP/1.1" 304 0
"GET /static/debug_toolbar/img/Green.svg HTTP/1.1" 304 0
"GET /static/debug_toolbar/css/print.css HTTP/1.1" 304 0
"GET /static/debug_toolbar/js/utils.js HTTP/1.1" 304 0
Internal Server Error: /register/
Traceback (most recent call last):
  File "D:\Project\.venv\Lib\site-packages\django\urls\base.py", line 81, in reverse
    extra, resolver = resolver.namespace_dict[ns]
                      ~~~~~~~~~~~~~~~~~~~~~~~^^^^
KeyError: 'catalog'

During handling of the above exception, another exception occurred:

Traceback (most recent call last):
  File "D:\Project\.venv\Lib\site-packages\django\core\handlers\exception.py", line 55, in inner
    response = get_response(request)
  File "D:\Project\.venv\Lib\site-packages\django\core\handlers\base.py", line 221, in _get_response
    response = response.render()
  File "D:\Project\.venv\Lib\site-packages\django\template\response.py", line 114, in render
    self.content = self.rendered_content
                   ^^^^^^^^^^^^^^^^^^^^^
  File "D:\Project\.venv\Lib\site-packages\django\template\response.py", line 92, in rendered_content
    return template.render(context, self._request)
           ~~~~~~~~~~~~~~~^^^^^^^^^^^^^^^^^^^^^^^^
  File "D:\Project\.venv\Lib\site-packages\django\template\backends\django.py", line 107, in render
    return self.template.render(context)
           ~~~~~~~~~~~~~~~~~~~~^^^^^^^^^
  File "D:\Project\.venv\Lib\site-packages\django\template\base.py", line 174, in render
    return self._render(context)
           ~~~~~~~~~~~~^^^^^^^^^
  File "D:\Project\.venv\Lib\site-packages\django\test\utils.py", line 114, in instrumented_test_render
    return self.nodelist.render(context)
           ~~~~~~~~~~~~~~~~~~~~^^^^^^^^^
  File "D:\Project\.venv\Lib\site-packages\django\template\base.py", line 1091, in render
    return SafeString("".join([node.render_annotated(context) for node in self]))
                               ~~~~~~~~~~~~~~~~~~~~~^^^^^^^^^
  File "D:\Project\.venv\Lib\site-packages\django\template\base.py", line 1052, in render_annotated
    return self.render(context)
           ~~~~~~~~~~~^^^^^^^^^
  File "D:\Project\.venv\Lib\site-packages\django\template\loader_tags.py", line 160, in render
    return compiled_parent._render(context)
           ~~~~~~~~~~~~~~~~~~~~~~~^^^^^^^^^
  File "D:\Project\.venv\Lib\site-packages\django\test\utils.py", line 114, in instrumented_test_render
    return self.nodelist.render(context)
           ~~~~~~~~~~~~~~~~~~~~^^^^^^^^^
  File "D:\Project\.venv\Lib\site-packages\django\template\base.py", line 1091, in render
    return SafeString("".join([node.render_annotated(context) for node in self]))
                               ~~~~~~~~~~~~~~~~~~~~~^^^^^^^^^
  File "D:\Project\.venv\Lib\site-packages\django\template\base.py", line 1052, in render_annotated
    return self.render(context)
           ~~~~~~~~~~~^^^^^^^^^
  File "D:\Project\.venv\Lib\site-packages\django\template\defaulttags.py", line 511, in render
    url = reverse(view_name, args=args, kwargs=kwargs, current_app=current_app)
  File "D:\Project\.venv\Lib\site-packages\django\urls\base.py", line 92, in reverse
    raise NoReverseMatch("%s is not a registered namespace" % key)
django.urls.exceptions.NoReverseMatch: 'catalog' is not a registered namespace
"GET /register/ HTTP/1.1" 500 163999
Internal Server Error: /register/
Traceback (most recent call last):
  File "D:\Project\.venv\Lib\site-packages\django\urls\base.py", line 81, in reverse
    extra, resolver = resolver.namespace_dict[ns]
                      ~~~~~~~~~~~~~~~~~~~~~~~^^^^
KeyError: 'catalog'

During handling of the above exception, another exception occurred:

Traceback (most recent call last):
  File "D:\Project\.venv\Lib\site-packages\django\core\handlers\exception.py", line 55, in inner
    response = get_response(request)
  File "D:\Project\.venv\Lib\site-packages\django\core\handlers\base.py", line 221, in _get_response
    response = response.render()
  File "D:\Project\.venv\Lib\site-packages\django\template\response.py", line 114, in render
    self.content = self.rendered_content
                   ^^^^^^^^^^^^^^^^^^^^^
  File "D:\Project\.venv\Lib\site-packages\django\template\response.py", line 92, in rendered_content
    return template.render(context, self._request)
           ~~~~~~~~~~~~~~~^^^^^^^^^^^^^^^^^^^^^^^^
  File "D:\Project\.venv\Lib\site-packages\django\template\backends\django.py", line 107, in render
    return self.template.render(context)
           ~~~~~~~~~~~~~~~~~~~~^^^^^^^^^
  File "D:\Project\.venv\Lib\site-packages\django\template\base.py", line 174, in render
    return self._render(context)
           ~~~~~~~~~~~~^^^^^^^^^
  File "D:\Project\.venv\Lib\site-packages\django\test\utils.py", line 114, in instrumented_test_render
    return self.nodelist.render(context)
           ~~~~~~~~~~~~~~~~~~~~^^^^^^^^^
  File "D:\Project\.venv\Lib\site-packages\django\template\base.py", line 1091, in render
    return SafeString("".join([node.render_annotated(context) for node in self]))
                               ~~~~~~~~~~~~~~~~~~~~~^^^^^^^^^
  File "D:\Project\.venv\Lib\site-packages\django\template\base.py", line 1052, in render_annotated
    return self.render(context)
           ~~~~~~~~~~~^^^^^^^^^
  File "D:\Project\.venv\Lib\site-packages\django\template\loader_tags.py", line 160, in render
    return compiled_parent._render(context)
           ~~~~~~~~~~~~~~~~~~~~~~~^^^^^^^^^
  File "D:\Project\.venv\Lib\site-packages\django\test\utils.py", line 114, in instrumented_test_render
    return self.nodelist.render(context)
           ~~~~~~~~~~~~~~~~~~~~^^^^^^^^^
  File "D:\Project\.venv\Lib\site-packages\django\template\base.py", line 1091, in render
    return SafeString("".join([node.render_annotated(context) for node in self]))
                               ~~~~~~~~~~~~~~~~~~~~~^^^^^^^^^
  File "D:\Project\.venv\Lib\site-packages\django\template\base.py", line 1052, in render_annotated
    return self.render(context)
           ~~~~~~~~~~~^^^^^^^^^
  File "D:\Project\.venv\Lib\site-packages\django\template\defaulttags.py", line 511, in render
    url = reverse(view_name, args=args, kwargs=kwargs, current_app=current_app)
  File "D:\Project\.venv\Lib\site-packages\django\urls\base.py", line 92, in reverse
    raise NoReverseMatch("%s is not a registered namespace" % key)
django.urls.exceptions.NoReverseMatch: 'catalog' is not a registered namespace
"GET /register/ HTTP/1.1" 500 163999
D:\Project\bookstore\bookstore\urls.py changed, reloading.
D:\Project\bookstore\bookstore\urls.py changed, reloading.
Watching for file changes with StatReloader
Watching for file changes with StatReloader
"GET /register/ HTTP/1.1" 200 32226
"GET /login/ HTTP/1.1" 200 31004
Not Found: /catalog/
"GET /catalog/ HTTP/1.1" 404 33565
"GET /static/debug_toolbar/css/toolbar.css HTTP/1.1" 304 0
"GET /static/debug_toolbar/js/toolbar.js HTTP/1.1" 304 0
"GET /static/debug_toolbar/img/Green.svg HTTP/1.1" 304 0
"GET /static/debug_toolbar/img/Coloured-Light.svg HTTP/1.1" 304 0
"GET /static/debug_toolbar/css/print.css HTTP/1.1" 304 0
"GET /static/debug_toolbar/js/utils.js HTTP/1.1" 304 0
Internal Server Error: /books/
Traceback (most recent call last):
  File "D:\Project\.venv\Lib\site-packages\django\template\backends\django.py", line 107, in render
    return self.template.render(context)
           ~~~~~~~~~~~~~~~~~~~~^^^^^^^^^
  File "D:\Project\.venv\Lib\site-packages\django\template\base.py", line 174, in render
    return self._render(context)
           ~~~~~~~~~~~~^^^^^^^^^
  File "D:\Project\.venv\Lib\site-packages\django\test\utils.py", line 114, in instrumented_test_render
    return self.nodelist.render(context)
           ~~~~~~~~~~~~~~~~~~~~^^^^^^^^^
  File "D:\Project\.venv\Lib\site-packages\django\template\base.py", line 1091, in render
    return SafeString("".join([node.render_annotated(context) for node in self]))
                               ~~~~~~~~~~~~~~~~~~~~~^^^^^^^^^
  File "D:\Project\.venv\Lib\site-packages\django\template\base.py", line 1052, in render_annotated
    return self.render(context)
           ~~~~~~~~~~~^^^^^^^^^
  File "D:\Project\.venv\Lib\site-packages\django\template\loader_tags.py", line 135, in render
    compiled_parent = self.get_parent(context)
  File "D:\Project\.venv\Lib\site-packages\django\template\loader_tags.py", line 132, in get_parent
    return self.find_template(parent, context)
           ~~~~~~~~~~~~~~~~~~^^^^^^^^^^^^^^^^^
  File "D:\Project\.venv\Lib\site-packages\django\template\loader_tags.py", line 110, in find_template
    template, origin = context.template.engine.find_template(
                       ~~~~~~~~~~~~~~~~~~~~~~~~~~~~~~~~~~~~~^
        template_name,
        ^^^^^^^^^^^^^^
        skip=history,
        ^^^^^^^^^^^^^
    )
    ^
  File "D:\Project\.venv\Lib\site-packages\django\template\engine.py", line 163, in find_template
    raise TemplateDoesNotExist(name, tried=tried)
django.template.exceptions.TemplateDoesNotExist: base.html

The above exception was the direct cause of the following exception:

Traceback (most recent call last):
  File "D:\Project\.venv\Lib\site-packages\django\core\handlers\exception.py", line 55, in inner
    response = get_response(request)
  File "D:\Project\.venv\Lib\site-packages\django\core\handlers\base.py", line 221, in _get_response
    response = response.render()
  File "D:\Project\.venv\Lib\site-packages\django\template\response.py", line 114, in render
    self.content = self.rendered_content
                   ^^^^^^^^^^^^^^^^^^^^^
  File "D:\Project\.venv\Lib\site-packages\django\template\response.py", line 92, in rendered_content
    return template.render(context, self._request)
           ~~~~~~~~~~~~~~~^^^^^^^^^^^^^^^^^^^^^^^^
  File "D:\Project\.venv\Lib\site-packages\django\template\backends\django.py", line 109, in render
    reraise(exc, self.backend)
    ~~~~~~~^^^^^^^^^^^^^^^^^^^
  File "D:\Project\.venv\Lib\site-packages\django\template\backends\django.py", line 130, in reraise
    raise new from exc
django.template.exceptions.TemplateDoesNotExist: base.html
"GET /books/ HTTP/1.1" 500 156810
Not Found: /catalog/
"GET /catalog/ HTTP/1.1" 404 33565
Not Found: /catalog/
"GET /catalog/ HTTP/1.1" 404 33565
Not Found: /catalog/
"GET /catalog/ HTTP/1.1" 404 33565
"GET /books/ HTTP/1.1" 200 31142
D:\Project\bookstore\bookstore\urls.py changed, reloading.
D:\Project\bookstore\bookstore\urls.py changed, reloading.
Watching for file changes with StatReloader
Watching for file changes with StatReloader
Not Found: /catalog/
"GET /catalog/ HTTP/1.1" 404 33605
"GET /static/debug_toolbar/css/toolbar.css HTTP/1.1" 304 0
"GET /static/debug_toolbar/js/toolbar.js HTTP/1.1" 304 0
"GET /static/debug_toolbar/img/Coloured-Light.svg HTTP/1.1" 304 0
"GET /static/debug_toolbar/img/Green.svg HTTP/1.1" 304 0
"GET /static/debug_toolbar/css/print.css HTTP/1.1" 304 0
"GET /static/debug_toolbar/js/utils.js HTTP/1.1" 304 0
Not Found: /books/
"GET /books/ HTTP/1.1" 404 32349
"GET /static/debug_toolbar/css/toolbar.css HTTP/1.1" 304 0
"GET /static/debug_toolbar/img/Coloured-Light.svg HTTP/1.1" 304 0
"GET /static/debug_toolbar/js/toolbar.js HTTP/1.1" 304 0
"GET /static/debug_toolbar/img/Green.svg HTTP/1.1" 304 0
"GET /static/debug_toolbar/css/print.css HTTP/1.1" 304 0
"GET /static/debug_toolbar/js/utils.js HTTP/1.1" 304 0
D:\Project\bookstore\catalog\urls.py changed, reloading.
D:\Project\bookstore\catalog\urls.py changed, reloading.
Watching for file changes with StatReloader
Watching for file changes with StatReloader
"GET /catalog/ HTTP/1.1" 200 31148
Not Found: /books/
"GET /books/ HTTP/1.1" 404 32348
Not Found: /catalog/books/
"GET /catalog/books/ HTTP/1.1" 404 33599
"GET /catalog/ HTTP/1.1" 200 31147
"GET /catalog/ HTTP/1.1" 200 31147
Not Found: /books/
"GET /books/ HTTP/1.1" 404 32349
"GET /static/debug_toolbar/css/toolbar.css HTTP/1.1" 304 0
"GET /static/debug_toolbar/js/toolbar.js HTTP/1.1" 304 0
"GET /static/debug_toolbar/img/Coloured-Light.svg HTTP/1.1" 304 0
"GET /static/debug_toolbar/css/print.css HTTP/1.1" 304 0
"GET /static/debug_toolbar/img/Green.svg HTTP/1.1" 304 0
"GET /static/debug_toolbar/js/utils.js HTTP/1.1" 304 0
D:\Project\bookstore\bookstore\urls.py changed, reloading.
D:\Project\bookstore\bookstore\urls.py changed, reloading.
Watching for file changes with StatReloader
Watching for file changes with StatReloader
Not Found: /catalog/
"GET /catalog/ HTTP/1.1" 404 33535
"GET /static/debug_toolbar/css/toolbar.css HTTP/1.1" 304 0
"GET /static/debug_toolbar/img/Coloured-Light.svg HTTP/1.1" 304 0
"GET /static/debug_toolbar/img/Green.svg HTTP/1.1" 304 0
"GET /static/debug_toolbar/css/print.css HTTP/1.1" 304 0
Not Found: /books/
"GET /books/ HTTP/1.1" 404 33527
Not Found: /catalog/
"GET /catalog/ HTTP/1.1" 404 33534
"GET / HTTP/1.1" 200 31124
"GET /login/ HTTP/1.1" 200 30992
D:\Project\bookstore\bookstore\urls.py changed, reloading.
D:\Project\bookstore\bookstore\urls.py changed, reloading.
Watching for file changes with StatReloader
Watching for file changes with StatReloader
Not Found: /
"GET / HTTP/1.1" 404 32307
"GET /catalog/ HTTP/1.1" 200 31148
D:\Project\bookstore\catalog\urls.py changed, reloading.
D:\Project\bookstore\catalog\urls.py changed, reloading.
Watching for file changes with StatReloader
Watching for file changes with StatReloader
"GET /register/ HTTP/1.1" 200 32242
"GET /static/debug_toolbar/js/toolbar.js HTTP/1.1" 304 0
"GET /static/debug_toolbar/js/utils.js HTTP/1.1" 304 0
"GET /catalog/books/ HTTP/1.1" 200 31167
Not Found: /books/
"GET /books/ HTTP/1.1" 404 32349
"GET /catalog/books/ HTTP/1.1" 200 31166
"GET /static/debug_toolbar/img/Coloured-Light.svg HTTP/1.1" 304 0
"GET /static/debug_toolbar/css/toolbar.css HTTP/1.1" 304 0
"GET /static/debug_toolbar/img/Green.svg HTTP/1.1" 304 0
"GET /static/debug_toolbar/css/print.css HTTP/1.1" 304 0
Not Found: /books/
"GET /books/ HTTP/1.1" 404 32349
"GET /catalog/books/ HTTP/1.1" 200 31165
"GET /catalog/books/ HTTP/1.1" 200 31165
Not Found: /books/
"GET /books/ HTTP/1.1" 404 32349
Not Found: /books/
"GET /books/ HTTP/1.1" 404 32349
D:\Project\bookstore\bookstore\urls.py changed, reloading.
D:\Project\bookstore\bookstore\urls.py changed, reloading.
Watching for file changes with StatReloader
Not Found: /catalog/books/
"GET /catalog/books/ HTTP/1.1" 404 33589
"GET /static/debug_toolbar/css/toolbar.css HTTP/1.1" 304 0
"GET /static/debug_toolbar/js/toolbar.js HTTP/1.1" 304 0
"GET /static/debug_toolbar/img/Coloured-Light.svg HTTP/1.1" 304 0
"GET /static/debug_toolbar/img/Green.svg HTTP/1.1" 304 0
"GET /static/debug_toolbar/css/print.css HTTP/1.1" 304 0
"GET /static/debug_toolbar/js/utils.js HTTP/1.1" 304 0
"GET /books/ HTTP/1.1" 200 31142
Not Found: /catalog/
"GET /catalog/ HTTP/1.1" 404 33565
Not Found: /catalog/
"GET /catalog/ HTTP/1.1" 404 33565
"GET /admin/ HTTP/1.1" 302 0
"GET /admin/login/?next=/admin/ HTTP/1.1" 200 33478
"GET /static/admin/css/base.css HTTP/1.1" 200 23100
"GET /static/admin/css/dark_mode.css HTTP/1.1" 200 3538
"GET /static/admin/css/nav_sidebar.css HTTP/1.1" 200 2810
"GET /static/admin/css/login.css HTTP/1.1" 200 951
"GET /static/admin/js/theme.js HTTP/1.1" 200 1653
"GET /static/admin/css/responsive.css HTTP/1.1" 200 16273
"GET /static/admin/js/nav_sidebar.js HTTP/1.1" 200 3063
"POST /admin/login/?next=/admin/ HTTP/1.1" 200 33643
"POST /admin/login/?next=/admin/ HTTP/1.1" 200 33643
"POST /admin/login/?next=/admin/ HTTP/1.1" 200 33643
"POST /admin/login/?next=/admin/ HTTP/1.1" 200 33644
"POST /admin/login/?next=/admin/ HTTP/1.1" 200 33643
"POST /admin/login/?next=/admin/ HTTP/1.1" 200 33643
"POST /admin/login/?next=/admin/ HTTP/1.1" 200 33643
"GET /admin/login/ HTTP/1.1" 200 33452
"POST /admin/login/ HTTP/1.1" 200 33617
Internal Server Error: /books/create/
Traceback (most recent call last):
  File "D:\Project\.venv\Lib\site-packages\django\template\backends\django.py", line 107, in render
    return self.template.render(context)
           ~~~~~~~~~~~~~~~~~~~~^^^^^^^^^
  File "D:\Project\.venv\Lib\site-packages\django\template\base.py", line 174, in render
    return self._render(context)
           ~~~~~~~~~~~~^^^^^^^^^
  File "D:\Project\.venv\Lib\site-packages\django\test\utils.py", line 114, in instrumented_test_render
    return self.nodelist.render(context)
           ~~~~~~~~~~~~~~~~~~~~^^^^^^^^^
  File "D:\Project\.venv\Lib\site-packages\django\template\base.py", line 1091, in render
    return SafeString("".join([node.render_annotated(context) for node in self]))
                               ~~~~~~~~~~~~~~~~~~~~~^^^^^^^^^
  File "D:\Project\.venv\Lib\site-packages\django\template\base.py", line 1052, in render_annotated
    return self.render(context)
           ~~~~~~~~~~~^^^^^^^^^
  File "D:\Project\.venv\Lib\site-packages\django\template\loader_tags.py", line 135, in render
    compiled_parent = self.get_parent(context)
  File "D:\Project\.venv\Lib\site-packages\django\template\loader_tags.py", line 132, in get_parent
    return self.find_template(parent, context)
           ~~~~~~~~~~~~~~~~~~^^^^^^^^^^^^^^^^^
  File "D:\Project\.venv\Lib\site-packages\django\template\loader_tags.py", line 110, in find_template
    template, origin = context.template.engine.find_template(
                       ~~~~~~~~~~~~~~~~~~~~~~~~~~~~~~~~~~~~~^
        template_name,
        ^^^^^^^^^^^^^^
        skip=history,
        ^^^^^^^^^^^^^
    )
    ^
  File "D:\Project\.venv\Lib\site-packages\django\template\engine.py", line 163, in find_template
    raise TemplateDoesNotExist(name, tried=tried)
django.template.exceptions.TemplateDoesNotExist: base.html

The above exception was the direct cause of the following exception:

Traceback (most recent call last):
  File "D:\Project\.venv\Lib\site-packages\django\core\handlers\exception.py", line 55, in inner
    response = get_response(request)
  File "D:\Project\.venv\Lib\site-packages\django\core\handlers\base.py", line 221, in _get_response
    response = response.render()
  File "D:\Project\.venv\Lib\site-packages\django\template\response.py", line 114, in render
    self.content = self.rendered_content
                   ^^^^^^^^^^^^^^^^^^^^^
  File "D:\Project\.venv\Lib\site-packages\django\template\response.py", line 92, in rendered_content
    return template.render(context, self._request)
           ~~~~~~~~~~~~~~~^^^^^^^^^^^^^^^^^^^^^^^^
  File "D:\Project\.venv\Lib\site-packages\django\template\backends\django.py", line 109, in render
    reraise(exc, self.backend)
    ~~~~~~~^^^^^^^^^^^^^^^^^^^
  File "D:\Project\.venv\Lib\site-packages\django\template\backends\django.py", line 130, in reraise
    raise new from exc
django.template.exceptions.TemplateDoesNotExist: base.html
"GET /books/create/ HTTP/1.1" 500 154253
"GET /books/create/ HTTP/1.1" 200 32004
Not Found: /catalog/
"GET /catalog/ HTTP/1.1" 404 33565
"GET /books/ HTTP/1.1" 200 31141
"GET /static/debug_toolbar/css/toolbar.css HTTP/1.1" 304 0
"GET /static/debug_toolbar/js/toolbar.js HTTP/1.1" 304 0
"GET /static/debug_toolbar/img/Coloured-Light.svg HTTP/1.1" 304 0
"GET /static/debug_toolbar/img/Green.svg HTTP/1.1" 304 0
"GET /static/debug_toolbar/css/print.css HTTP/1.1" 304 0
"GET /static/debug_toolbar/js/utils.js HTTP/1.1" 304 0
"GET /register/ HTTP/1.1" 200 32226
Not Found: /catalog/
"GET /catalog/ HTTP/1.1" 404 33564
"GET /static/debug_toolbar/css/toolbar.css HTTP/1.1" 304 0
"GET /static/debug_toolbar/img/Green.svg HTTP/1.1" 304 0
"GET /static/debug_toolbar/js/toolbar.js HTTP/1.1" 304 0
"GET /static/debug_toolbar/img/Coloured-Light.svg HTTP/1.1" 304 0
"GET /static/debug_toolbar/css/print.css HTTP/1.1" 304 0
"GET /static/debug_toolbar/js/utils.js HTTP/1.1" 304 0
Not Found: /catalog/
"GET /catalog/ HTTP/1.1" 404 33564
Not Found: /catalog/
"GET /catalog/ HTTP/1.1" 404 33565
"POST /admin/login/?next=/admin/ HTTP/1.1" 302 0
"GET /admin/ HTTP/1.1" 200 36504
"GET /static/admin/css/dashboard.css HTTP/1.1" 200 441
"GET /static/admin/img/icon-changelink.svg HTTP/1.1" 200 978
"GET /static/admin/img/icon-addlink.svg HTTP/1.1" 200 593
"GET /admin/catalog/category/ HTTP/1.1" 200 38434
"GET /static/admin/css/changelists.css HTTP/1.1" 200 7498
"GET /static/admin/js/actions.js HTTP/1.1" 200 8077
"GET /static/admin/js/jquery.init.js HTTP/1.1" 200 347
"GET /static/admin/js/urlify.js HTTP/1.1" 200 7887
"GET /static/admin/js/core.js HTTP/1.1" 200 6208
"GET /static/admin/js/prepopulate.js HTTP/1.1" 200 1531
"GET /static/admin/js/admin/RelatedObjectLookups.js HTTP/1.1" 200 9777
"GET /static/admin/img/search.svg HTTP/1.1" 200 607
"GET /static/admin/js/vendor/jquery/jquery.js HTTP/1.1" 200 285314
"GET /admin/jsi18n/ HTTP/1.1" 200 3342
"GET /static/admin/js/vendor/xregexp/xregexp.js HTTP/1.1" 200 325171
"GET /static/admin/js/filters.js HTTP/1.1" 200 978
"GET /static/admin/img/tooltag-add.svg HTTP/1.1" 200 593
"GET /admin/ HTTP/1.1" 200 36504
"GET /admin/catalog/book/ HTTP/1.1" 200 39613
"GET /static/admin/css/forms.css HTTP/1.1" 200 8831
"GET /admin/jsi18n/ HTTP/1.1" 200 3342
"GET /static/admin/css/widgets.css HTTP/1.1" 200 11811
"GET /static/admin/img/icon-viewlink.svg HTTP/1.1" 200 928
"GET /admin/ HTTP/1.1" 200 36504
Not Found: /catalog/
"GET /catalog/ HTTP/1.1" 404 33565
"GET /static/debug_toolbar/css/toolbar.css HTTP/1.1" 304 0
"GET /static/debug_toolbar/js/toolbar.js HTTP/1.1" 304 0
"GET /static/debug_toolbar/img/Coloured-Light.svg HTTP/1.1" 304 0
"GET /static/debug_toolbar/css/print.css HTTP/1.1" 304 0
"GET /static/debug_toolbar/img/Green.svg HTTP/1.1" 304 0
"GET /static/debug_toolbar/js/utils.js HTTP/1.1" 304 0
"GET /admin/ HTTP/1.1" 200 36504
Watching for file changes with StatReloader
Not Found: /catalog/
"GET /catalog/ HTTP/1.1" 404 33565
"GET /static/debug_toolbar/css/toolbar.css HTTP/1.1" 304 0
"GET /static/debug_toolbar/js/toolbar.js HTTP/1.1" 304 0
"GET /static/debug_toolbar/img/Coloured-Light.svg HTTP/1.1" 304 0
"GET /static/debug_toolbar/img/Green.svg HTTP/1.1" 304 0
"GET /static/debug_toolbar/css/print.css HTTP/1.1" 304 0
"GET /static/debug_toolbar/js/utils.js HTTP/1.1" 304 0
Not Found: /favicon.ico
"GET /favicon.ico HTTP/1.1" 404 33577
"GET /books/ HTTP/1.1" 200 31143
- Broken pipe from ('127.0.0.1', 60324)
"GET /books/ HTTP/1.1" 200 31141
D:\Project\bookstore\bookstore\settings.py changed, reloading.
Watching for file changes with StatReloader
D:\Project\bookstore\blog\models.py changed, reloading.
Watching for file changes with StatReloader
D:\Project\bookstore\blog\models.py changed, reloading.
Watching for file changes with StatReloader
D:\Project\bookstore\blog\models.py changed, reloading.
Watching for file changes with StatReloader
D:\Project\bookstore\blog\models.py changed, reloading.
Watching for file changes with StatReloader
D:\Project\bookstore\blog\models.py changed, reloading.
Watching for file changes with StatReloader
D:\Project\bookstore\blog\admin.py changed, reloading.
Watching for file changes with StatReloader
Watching for file changes with StatReloader
"GET /register/ HTTP/1.1" 200 32226
Not Found: /post/
"GET /post/ HTTP/1.1" 404 33553
Not Found: /
"GET / HTTP/1.1" 404 33515
"GET /admin/ HTTP/1.1" 200 37518
"GET /admin/auth/group/ HTTP/1.1" 200 39201
"GET /static/admin/css/changelists.css HTTP/1.1" 200 7498
"GET /static/admin/js/jquery.init.js HTTP/1.1" 200 347
"GET /static/admin/js/actions.js HTTP/1.1" 200 8077
"GET /static/admin/js/core.js HTTP/1.1" 200 6208
"GET /static/admin/js/admin/RelatedObjectLookups.js HTTP/1.1" 200 9777
"GET /admin/jsi18n/ HTTP/1.1" 200 3342
"GET /static/admin/js/vendor/jquery/jquery.js HTTP/1.1" 200 285314
"GET /static/admin/js/prepopulate.js HTTP/1.1" 200 1531
"GET /static/admin/js/urlify.js HTTP/1.1" 200 7887
"GET /static/admin/img/search.svg HTTP/1.1" 200 607
"GET /static/admin/js/vendor/xregexp/xregexp.js HTTP/1.1" 200 325171
"GET /static/admin/js/filters.js HTTP/1.1" 200 978
"GET /static/admin/img/tooltag-add.svg HTTP/1.1" 200 593
"GET /admin/ HTTP/1.1" 200 37517
D:\Project\bookstore\accounts\admin.py changed, reloading.
D:\Project\bookstore\accounts\admin.py changed, reloading.
Watching for file changes with StatReloader
Watching for file changes with StatReloader
"GET /admin/ HTTP/1.1" 200 38613
"GET /admin/auth/group/add/ HTTP/1.1" 200 44627
"GET /static/admin/css/forms.css HTTP/1.1" 200 8831
"GET /static/admin/js/SelectBox.js HTTP/1.1" 200 4530
"GET /static/admin/js/prepopulate_init.js HTTP/1.1" 200 586
"GET /static/admin/js/SelectFilter2.js HTTP/1.1" 200 16428
"GET /admin/jsi18n/ HTTP/1.1" 200 3342
"GET /static/admin/js/change_form.js HTTP/1.1" 200 606
"GET /static/admin/css/widgets.css HTTP/1.1" 200 11811
"GET /static/admin/img/selector-icons.svg HTTP/1.1" 200 2387
"POST /admin/auth/group/add/ HTTP/1.1" 200 44858
"GET /admin/jsi18n/ HTTP/1.1" 200 3342
"POST /admin/auth/group/add/ HTTP/1.1" 302 0
"GET /admin/auth/group/ HTTP/1.1" 200 41584
"GET /admin/jsi18n/ HTTP/1.1" 200 3342
"GET /static/admin/img/icon-yes.svg HTTP/1.1" 200 558
"GET /admin/auth/group/add/ HTTP/1.1" 200 44627
"GET /admin/ HTTP/1.1" 200 38993
"GET /admin/auth/group/add/ HTTP/1.1" 200 44627
"GET /admin/jsi18n/ HTTP/1.1" 200 3342
"POST /admin/auth/group/add/ HTTP/1.1" 302 0
"GET /admin/auth/group/ HTTP/1.1" 200 41829
"GET /admin/jsi18n/ HTTP/1.1" 200 3342
"GET /admin/ HTTP/1.1" 200 39331
"GET /admin/auth/group/ HTTP/1.1" 200 41637
"GET /admin/jsi18n/ HTTP/1.1" 200 3342
"GET /admin/ HTTP/1.1" 200 39331
"GET /admin/accounts/customuser/add/ HTTP/1.1" 200 44129
"GET /admin/jsi18n/ HTTP/1.1" 200 3342
"GET /static/admin/css/unusable_password_field.css HTTP/1.1" 200 663
"POST /admin/accounts/customuser/add/ HTTP/1.1" 200 44626
"GET /admin/jsi18n/ HTTP/1.1" 200 3342
"POST /admin/accounts/customuser/add/ HTTP/1.1" 200 44551
"GET /admin/jsi18n/ HTTP/1.1" 200 3342
"POST /admin/accounts/customuser/add/ HTTP/1.1" 200 44407
"GET /admin/jsi18n/ HTTP/1.1" 200 3342
"POST /admin/accounts/customuser/add/ HTTP/1.1" 302 0
"GET /admin/accounts/customuser/2/change/ HTTP/1.1" 200 55797
"GET /static/admin/js/calendar.js HTTP/1.1" 200 9159
"GET /static/admin/js/admin/DateTimeShortcuts.js HTTP/1.1" 200 19698
"GET /admin/jsi18n/ HTTP/1.1" 200 3342
"GET /static/admin/img/icon-clock.svg HTTP/1.1" 200 805
"GET /static/admin/img/icon-calendar.svg HTTP/1.1" 200 1112
"POST /admin/accounts/customuser/2/change/ HTTP/1.1" 302 0
"GET /admin/accounts/customuser/ HTTP/1.1" 200 44830
"GET /admin/jsi18n/ HTTP/1.1" 200 3342
"GET /static/admin/img/icon-viewlink.svg HTTP/1.1" 200 928
"GET /static/admin/img/sorting-icons.svg HTTP/1.1" 200 1761
"GET /admin/accounts/customuser/2/change/ HTTP/1.1" 200 56028
"GET /admin/accounts/customuser/ HTTP/1.1" 200 44624
"GET /admin/ HTTP/1.1" 200 40036
"GET /admin/catalog/book/add/ HTTP/1.1" 200 44663
"GET /admin/jsi18n/ HTTP/1.1" 200 3342
"GET /admin/catalog/category/add/?_to_field=id&_popup=1 HTTP/1.1" 200 39125
"GET /static/admin/js/inlines.js HTTP/1.1" 200 15628
"GET /admin/jsi18n/ HTTP/1.1" 200 3342
"GET /static/admin/img/inline-delete.svg HTTP/1.1" 200 651
"POST /admin/catalog/category/add/?_to_field=id&_popup=1 HTTP/1.1" 200 29789
"GET /static/admin/js/popup_response.js HTTP/1.1" 200 532
"POST /admin/catalog/book/add/ HTTP/1.1" 302 0
"GET /admin/catalog/book/ HTTP/1.1" 200 44535
"GET /admin/jsi18n/ HTTP/1.1" 200 3342
"POST /admin/catalog/book/ HTTP/1.1" 302 0
"GET /admin/catalog/book/ HTTP/1.1" 200 44284
"GET /admin/jsi18n/ HTTP/1.1" 200 3342
"GET /admin/catalog/ HTTP/1.1" 200 35391
"GET /admin/ HTTP/1.1" 200 40798
"GET /admin/catalog/book/add/ HTTP/1.1" 200 44706
"GET /admin/jsi18n/ HTTP/1.1" 200 3342
"POST /admin/catalog/book/add/ HTTP/1.1" 302 0
"GET /admin/catalog/book/ HTTP/1.1" 200 45411
"GET /admin/jsi18n/ HTTP/1.1" 200 3342
"GET /admin/catalog/book/add/ HTTP/1.1" 200 44706
"GET /admin/jsi18n/ HTTP/1.1" 200 3342
"POST /admin/catalog/book/add/ HTTP/1.1" 200 46068
"GET /admin/jsi18n/ HTTP/1.1" 200 3342
"POST /admin/catalog/book/add/ HTTP/1.1" 302 0
"GET /admin/catalog/book/ HTTP/1.1" 200 46476
"GET /admin/jsi18n/ HTTP/1.1" 200 3342
"GET /admin/ HTTP/1.1" 200 41654
"GET /admin/catalog/ HTTP/1.1" 200 35391
"GET /admin/ HTTP/1.1" 200 41654
"GET /admin/catalog/book/ HTTP/1.1" 200 46164
"GET /admin/jsi18n/ HTTP/1.1" 200 3342
"GET /admin/catalog/book/add/ HTTP/1.1" 200 44706
"GET /admin/jsi18n/ HTTP/1.1" 200 3342
"GET /admin/catalog/category/add/?_to_field=id&_popup=1 HTTP/1.1" 200 39125
"GET /admin/jsi18n/ HTTP/1.1" 200 3342
"POST /admin/catalog/category/add/?_to_field=id&_popup=1 HTTP/1.1" 200 29831
"POST /admin/catalog/book/add/ HTTP/1.1" 302 0
"GET /admin/catalog/book/ HTTP/1.1" 200 47634
"GET /admin/jsi18n/ HTTP/1.1" 200 3342
"GET /admin/catalog/book/add/ HTTP/1.1" 200 44763
"GET /admin/jsi18n/ HTTP/1.1" 200 3342
"POST /admin/catalog/book/add/ HTTP/1.1" 302 0
"GET /admin/catalog/book/ HTTP/1.1" 200 48560
"GET /admin/jsi18n/ HTTP/1.1" 200 3342
D:\Project\bookstore\catalog\models.py changed, reloading.
D:\Project\bookstore\catalog\models.py changed, reloading.
Watching for file changes with StatReloader
Watching for file changes with StatReloader
D:\Project\bookstore\catalog\models.py changed, reloading.
Watching for file changes with StatReloader
D:\Project\bookstore\catalog\models.py changed, reloading.
Watching for file changes with StatReloader
D:\Project\bookstore\catalog\models.py changed, reloading.
D:\Project\bookstore\catalog\models.py changed, reloading.
Watching for file changes with StatReloader
Watching for file changes with StatReloader
D:\Project\bookstore\catalog\models.py changed, reloading.
D:\Project\bookstore\catalog\models.py changed, reloading.
Watching for file changes with StatReloader
Watching for file changes with StatReloader
D:\Project\bookstore\bookstore\settings.py changed, reloading.
Watching for file changes with StatReloader
"GET /admin/catalog/book/ HTTP/1.1" 200 48291
"GET /admin/jsi18n/ HTTP/1.1" 200 3342
"GET /admin/ HTTP/1.1" 200 42486
"GET /admin/accounts/customuser/ HTTP/1.1" 200 44624
"GET /admin/jsi18n/ HTTP/1.1" 200 3342
"GET /admin/ HTTP/1.1" 200 42486
"GET /admin/catalog/book/ HTTP/1.1" 200 48290
"GET /admin/jsi18n/ HTTP/1.1" 200 3342
"GET /admin/catalog/book/5/change/ HTTP/1.1" 200 47439
"GET /admin/jsi18n/ HTTP/1.1" 200 3342
"POST /admin/catalog/book/5/change/ HTTP/1.1" 302 0
"GET /admin/catalog/book/ HTTP/1.1" 200 48562
"GET /admin/jsi18n/ HTTP/1.1" 200 3342
D:\Project\bookstore\catalog\admin.py changed, reloading.
Watching for file changes with StatReloader
"GET /admin/catalog/book/ HTTP/1.1" 200 49033
"GET /admin/jsi18n/ HTTP/1.1" 200 3342
"POST /admin/catalog/book/ HTTP/1.1" 302 0
"GET /admin/catalog/book/ HTTP/1.1" 200 49168
"GET /admin/jsi18n/ HTTP/1.1" 200 3342
"GET /admin/ HTTP/1.1" 200 42682
"GET /admin/blog/post/add/ HTTP/1.1" 200 42664
"GET /admin/jsi18n/ HTTP/1.1" 200 3342
"POST /admin/blog/post/add/ HTTP/1.1" 302 0
"GET /admin/blog/post/ HTTP/1.1" 200 41100
"GET /admin/jsi18n/ HTTP/1.1" 200 3342
"GET /admin/ HTTP/1.1" 200 42673
"GET /books/ HTTP/1.1" 200 36489
"GET /books/5/ HTTP/1.1" 200 32015
"GET /books/5/ HTTP/1.1" 200 32014
"GET /admin/catalog/book/ HTTP/1.1" 200 49024
"GET /admin/jsi18n/ HTTP/1.1" 200 3342
"GET /admin/catalog/book/5/change/ HTTP/1.1" 200 47832
"GET /admin/jsi18n/ HTTP/1.1" 200 3342
D:\Project\bookstore\bookstore\urls.py changed, reloading.
Watching for file changes with StatReloader
Watching for file changes with StatReloader
D:\Project\bookstore\bookstore\urls.py changed, reloading.
D:\Project\bookstore\bookstore\urls.py changed, reloading.
Watching for file changes with StatReloader
Watching for file changes with StatReloader
"GET /admin/ HTTP/1.1" 200 42674
"GET /books/5/ HTTP/1.1" 200 32015
"GET /books/ HTTP/1.1" 200 36489
"GET /books/ HTTP/1.1" 200 36760
"GET /media/books/a429ba6d-d83f-11ec-8170-0050568ef5e6_9a56af6f-d841-11ec-8170-0050568ef5e6_1.webp HTTP/1.1" 200 78878
"GET /books/ HTTP/1.1" 200 36760
"GET /admin/ HTTP/1.1" 200 42673
"GET /admin/catalog/book/ HTTP/1.1" 200 49024
"GET /admin/jsi18n/ HTTP/1.1" 200 3342
D:\Project\bookstore\catalog\admin.py changed, reloading.
D:\Project\bookstore\catalog\admin.py changed, reloading.
Watching for file changes with StatReloader
Watching for file changes with StatReloader
"GET /admin/catalog/book/ HTTP/1.1" 200 49025
"GET /admin/jsi18n/ HTTP/1.1" 200 3342
"GET /admin/catalog/book/ HTTP/1.1" 200 49024
"GET /admin/jsi18n/ HTTP/1.1" 200 3342
"GET /admin/ HTTP/1.1" 200 42673
"GET /admin/blog/post/ HTTP/1.1" 200 40900
"GET /admin/jsi18n/ HTTP/1.1" 200 3342
"GET /books/ HTTP/1.1" 200 36760
"GET /media/books/a429ba6d-d83f-11ec-8170-0050568ef5e6_9a56af6f-d841-11ec-8170-0050568ef5e6_1.webp HTTP/1.1" 304 0
D:\Project\bookstore\bookstore\settings.py changed, reloading.
D:\Project\bookstore\bookstore\settings.py changed, reloading.
Watching for file changes with StatReloader
Watching for file changes with StatReloader
/app/bookstore/settings.py changed, reloading.
Watching for file changes with StatReloader
Watching for file changes with StatReloader
"GET /admin/blog/post/ HTTP/1.1" 302 0
"GET /admin/login/?next=/admin/blog/post/ HTTP/1.1" 200 4193
Not Found: /favicon.ico
"GET /favicon.ico HTTP/1.1" 404 4389
"GET /admin/login/?next=/admin/blog/post/ HTTP/1.1" 200 4193
"GET /static/admin/css/dark_mode.css HTTP/1.1" 200 2808
"GET /static/admin/css/base.css HTTP/1.1" 200 22120
"GET /static/admin/js/theme.js HTTP/1.1" 200 1653
"GET /static/admin/css/nav_sidebar.css HTTP/1.1" 200 2810
"GET /static/admin/css/login.css HTTP/1.1" 200 951
"GET /static/admin/css/responsive.css HTTP/1.1" 200 16565
"GET /static/admin/js/nav_sidebar.js HTTP/1.1" 200 3063
"POST /admin/login/?next=/admin/blog/post/ HTTP/1.1" 200 4362
"GET /register/ HTTP/1.1" 200 2831
"POST /admin/login/?next=/admin/blog/post/ HTTP/1.1" 200 4362
"GET /static/admin/css/base.css HTTP/1.1" 304 0
"GET /static/admin/css/dark_mode.css HTTP/1.1" 304 0
"GET /static/admin/js/theme.js HTTP/1.1" 304 0
"GET /static/admin/css/login.css HTTP/1.1" 304 0
"GET /static/admin/css/nav_sidebar.css HTTP/1.1" 304 0
"GET /static/admin/css/responsive.css HTTP/1.1" 304 0
"GET /static/admin/js/nav_sidebar.js HTTP/1.1" 304 0
"POST /admin/login/?next=/admin/blog/post/ HTTP/1.1" 200 4361
"GET /books/ HTTP/1.1" 200 1647
"GET /books/ HTTP/1.1" 200 1647
Not Found: /
"GET / HTTP/1.1" 404 4338
/app/catalog/urls.py changed, reloading.
Watching for file changes with StatReloader
/app/catalog/urls.py changed, reloading.
Watching for file changes with StatReloader
/app/catalog/urls.py changed, reloading.
Watching for file changes with StatReloader
/app/catalog/urls.py changed, reloading.
Watching for file changes with StatReloader
"GET / HTTP/1.1" 200 1641
"POST /admin/login/?next=/admin/blog/post/ HTTP/1.1" 200 4362
"GET /static/admin/css/base.css HTTP/1.1" 304 0
"GET /static/admin/css/dark_mode.css HTTP/1.1" 304 0
"GET /static/admin/js/theme.js HTTP/1.1" 304 0
"GET /static/admin/css/nav_sidebar.css HTTP/1.1" 304 0
"GET /static/admin/css/login.css HTTP/1.1" 304 0
"GET /static/admin/css/responsive.css HTTP/1.1" 304 0
"GET /static/admin/js/nav_sidebar.js HTTP/1.1" 304 0
"POST /admin/login/?next=/admin/blog/post/ HTTP/1.1" 302 0
"GET /admin/blog/post/ HTTP/1.1" 200 10058
"GET /static/admin/css/base.css HTTP/1.1" 304 0
"GET /static/admin/css/dark_mode.css HTTP/1.1" 304 0
"GET /static/admin/js/theme.js HTTP/1.1" 304 0
"GET /static/admin/css/nav_sidebar.css HTTP/1.1" 304 0
"GET /admin/jsi18n/ HTTP/1.1" 200 3342
"GET /static/admin/css/responsive.css HTTP/1.1" 304 0
"GET /static/admin/js/nav_sidebar.js HTTP/1.1" 304 0
"GET /static/admin/img/icon-addlink.svg HTTP/1.1" 200 331
"GET /admin/blog/post/add/ HTTP/1.1" 200 13213
"GET /static/admin/img/icon-changelink.svg HTTP/1.1" 200 380
"GET /admin/jsi18n/ HTTP/1.1" 200 3342
"POST /admin/blog/post/add/ HTTP/1.1" 302 0
"GET /admin/blog/post/ HTTP/1.1" 200 11535
"GET /static/admin/css/base.css HTTP/1.1" 304 0
"GET /static/admin/css/dark_mode.css HTTP/1.1" 304 0
"GET /static/admin/js/theme.js HTTP/1.1" 304 0
"GET /static/admin/css/responsive.css HTTP/1.1" 304 0
"GET /static/admin/css/nav_sidebar.css HTTP/1.1" 304 0
"GET /admin/jsi18n/ HTTP/1.1" 200 3342
"GET /static/admin/js/nav_sidebar.js HTTP/1.1" 304 0
"GET /admin/accounts/customuser/add/ HTTP/1.1" 200 14694
"GET /static/admin/css/unusable_password_field.css HTTP/1.1" 200 663
"GET /admin/jsi18n/ HTTP/1.1" 200 3342
"GET /static/admin/js/unusable_password_field.js HTTP/1.1" 200 1480
"POST /admin/accounts/customuser/add/ HTTP/1.1" 200 14974
"GET /admin/jsi18n/ HTTP/1.1" 200 3342
"POST /admin/accounts/customuser/add/ HTTP/1.1" 302 0
"GET /admin/accounts/customuser/2/change/ HTTP/1.1" 200 25487
"GET /static/admin/js/calendar.js HTTP/1.1" 200 9141
"GET /static/admin/js/admin/DateTimeShortcuts.js HTTP/1.1" 200 19319
"GET /static/admin/img/icon-addlink.svg HTTP/1.1" 304 0
"GET /admin/jsi18n/ HTTP/1.1" 200 3342
"GET /static/admin/img/icon-clock.svg HTTP/1.1" 200 677
"GET /static/admin/img/icon-calendar.svg HTTP/1.1" 200 1086
"GET /admin/accounts/customuser/2/history/ HTTP/1.1" 200 9353
"GET /admin/accounts/ HTTP/1.1" 200 5507
"GET /static/admin/img/icon-changelink.svg HTTP/1.1" 304 0
"GET /static/admin/css/dashboard.css HTTP/1.1" 200 441
"GET /admin/accounts/customuser/2/history/ HTTP/1.1" 200 9353
"GET /admin/accounts/customuser/2/change/ HTTP/1.1" 200 25252
"GET /admin/ HTTP/1.1" 200 10042
"GET /admin/auth/group/add/ HTTP/1.1" 200 15225
"GET /static/admin/css/base.css HTTP/1.1" 304 0
"GET /static/admin/css/nav_sidebar.css HTTP/1.1" 304 0
"GET /static/admin/css/dark_mode.css HTTP/1.1" 304 0
"GET /static/admin/js/theme.js HTTP/1.1" 304 0
"GET /static/admin/css/responsive.css HTTP/1.1" 304 0
"GET /admin/jsi18n/ HTTP/1.1" 200 3342
"GET /static/admin/js/nav_sidebar.js HTTP/1.1" 304 0
"POST /admin/auth/group/add/ HTTP/1.1" 302 0
"GET /admin/auth/group/ HTTP/1.1" 200 11882
"GET /admin/jsi18n/ HTTP/1.1" 200 3342
"GET /admin/auth/group/add/ HTTP/1.1" 200 15225
"GET /admin/jsi18n/ HTTP/1.1" 200 3342
"POST /admin/auth/group/add/ HTTP/1.1" 302 0
"GET /admin/auth/group/ HTTP/1.1" 200 12153
"GET /admin/jsi18n/ HTTP/1.1" 200 3342
"GET /admin/ HTTP/1.1" 200 10726
"GET /admin/catalog/category/add/ HTTP/1.1" 200 16177
"GET /admin/jsi18n/ HTTP/1.1" 200 3342
"POST /admin/catalog/category/add/ HTTP/1.1" 302 0
"GET /admin/catalog/category/ HTTP/1.1" 200 12628
"GET /admin/jsi18n/ HTTP/1.1" 200 3342
"GET /admin/ HTTP/1.1" 200 11095
"GET /admin/catalog/category/add/ HTTP/1.1" 200 16177
"GET /admin/jsi18n/ HTTP/1.1" 200 3342
"POST /admin/catalog/category/add/ HTTP/1.1" 302 0
"GET /admin/catalog/category/ HTTP/1.1" 200 12971
"GET /admin/jsi18n/ HTTP/1.1" 200 3342
"GET /admin/catalog/category/add/ HTTP/1.1" 200 16177
"GET /admin/jsi18n/ HTTP/1.1" 200 3342
"GET /static/admin/img/icon-addlink.svg HTTP/1.1" 304 0
"POST /admin/catalog/category/add/ HTTP/1.1" 302 0
"GET /admin/catalog/category/ HTTP/1.1" 200 13318
"GET /admin/jsi18n/ HTTP/1.1" 200 3342
"GET /admin/catalog/book/add/ HTTP/1.1" 200 16432
"GET /admin/jsi18n/ HTTP/1.1" 200 3342
"GET /static/admin/img/icon-changelink.svg HTTP/1.1" 304 0
"POST /admin/catalog/book/add/ HTTP/1.1" 302 0
"GET /admin/catalog/book/ HTTP/1.1" 200 15363
"GET /static/admin/css/dark_mode.css HTTP/1.1" 304 0
"GET /static/admin/css/base.css HTTP/1.1" 304 0
"GET /static/admin/js/theme.js HTTP/1.1" 304 0
"GET /static/admin/css/nav_sidebar.css HTTP/1.1" 304 0
"GET /static/admin/css/responsive.css HTTP/1.1" 304 0
"GET /admin/jsi18n/ HTTP/1.1" 200 3342
"GET /static/admin/js/nav_sidebar.js HTTP/1.1" 304 0
"GET /admin/ HTTP/1.1" 200 12182
"GET /static/admin/css/dashboard.css HTTP/1.1" 304 0
"GET /admin/catalog/book/ HTTP/1.1" 200 15152
"GET /admin/jsi18n/ HTTP/1.1" 200 3342
"GET /admin/catalog/book/add/ HTTP/1.1" 200 16432
"GET /admin/jsi18n/ HTTP/1.1" 200 3342
"POST /admin/catalog/book/add/ HTTP/1.1" 302 0
"GET /admin/catalog/book/ HTTP/1.1" 200 16371
"GET /admin/jsi18n/ HTTP/1.1" 200 3342
"GET /books/ HTTP/1.1" 200 4306
"GET /media/books/56b50045adc0ebbc.jpg HTTP/1.1" 200 149085
"GET /media/books/Screenshot_1111.png HTTP/1.1" 200 1411269
"GET /admin/catalog/category/ HTTP/1.1" 200 13099
"GET /admin/jsi18n/ HTTP/1.1" 200 3342
"GET /admin/catalog/book/add/ HTTP/1.1" 200 16432
"GET /static/admin/css/dark_mode.css HTTP/1.1" 304 0
"GET /static/admin/css/base.css HTTP/1.1" 304 0
"GET /static/admin/js/theme.js HTTP/1.1" 304 0
"GET /static/admin/css/responsive.css HTTP/1.1" 304 0
"GET /static/admin/css/nav_sidebar.css HTTP/1.1" 304 0
"GET /admin/jsi18n/ HTTP/1.1" 200 3342
"GET /static/admin/js/nav_sidebar.js HTTP/1.1" 304 0
"GET /static/admin/img/icon-changelink.svg HTTP/1.1" 304 0
"GET /static/admin/img/icon-addlink.svg HTTP/1.1" 304 0
"POST /admin/catalog/book/add/ HTTP/1.1" 302 0
"GET /admin/catalog/book/ HTTP/1.1" 200 17490
"GET /admin/jsi18n/ HTTP/1.1" 200 3342
"GET /admin/catalog/book/add/ HTTP/1.1" 200 16432
"GET /admin/jsi18n/ HTTP/1.1" 200 3342
"POST /admin/catalog/book/add/ HTTP/1.1" 200 17433
"GET /admin/jsi18n/ HTTP/1.1" 200 3342
"POST /admin/catalog/book/add/ HTTP/1.1" 302 0
"GET /admin/catalog/book/ HTTP/1.1" 200 18499
"GET /static/admin/css/base.css HTTP/1.1" 304 0
"GET /static/admin/css/dark_mode.css HTTP/1.1" 304 0
"GET /static/admin/css/nav_sidebar.css HTTP/1.1" 304 0
"GET /static/admin/js/theme.js HTTP/1.1" 304 0
"GET /static/admin/css/responsive.css HTTP/1.1" 304 0
"GET /admin/jsi18n/ HTTP/1.1" 200 3342
"GET /static/admin/js/nav_sidebar.js HTTP/1.1" 304 0
"GET /admin/catalog/book/add/ HTTP/1.1" 200 16432
"GET /static/admin/img/icon-changelink.svg HTTP/1.1" 304 0
"GET /admin/jsi18n/ HTTP/1.1" 200 3342
"GET /static/admin/img/icon-addlink.svg HTTP/1.1" 304 0
"POST /admin/catalog/book/add/ HTTP/1.1" 302 0
"GET /admin/catalog/book/ HTTP/1.1" 200 19718
"GET /admin/jsi18n/ HTTP/1.1" 200 3342
"GET /admin/catalog/book/add/ HTTP/1.1" 200 16432
"GET /admin/jsi18n/ HTTP/1.1" 200 3342
"POST /admin/catalog/book/add/ HTTP/1.1" 302 0
"GET /admin/catalog/book/ HTTP/1.1" 200 20636
"GET /admin/jsi18n/ HTTP/1.1" 200 3342
"GET /books/ HTTP/1.1" 200 9394
"GET /media/books/56b50045adc0ebbc.jpg HTTP/1.1" 304 0
"GET /media/books/bagatiy-tato-bdniy-tato-chomu-vchaty-dtey-bagat-batyki----ne-vchaty-bdn_4617-512x512.jpg HTTP/1.1" 200 102868
"GET /media/books/Screenshot_1111.png HTTP/1.1" 304 0
"GET /media/books/47489536251f403e9181258bc8ab5aef.jpeg HTTP/1.1" 200 88293
"GET /media/books/Screenshot_3333.png HTTP/1.1" 200 1191577
"GET /admin/catalog/book/4/change/ HTTP/1.1" 200 17643
"GET /admin/jsi18n/ HTTP/1.1" 200 3342
"POST /admin/catalog/book/4/change/ HTTP/1.1" 302 0
"GET /admin/catalog/book/ HTTP/1.1" 200 20659
"GET /admin/jsi18n/ HTTP/1.1" 200 3342
"GET /books/ HTTP/1.1" 200 9622
"GET /media/books/bagatiy-tato-bdniy-tato-chomu-vchaty-dtey-bagat-batyki----ne-vchaty-bdn_4617-512x512.jpg HTTP/1.1" 304 0
"GET /media/books/47489536251f403e9181258bc8ab5aef.jpeg HTTP/1.1" 304 0
"GET /media/books/Screenshot_32.png HTTP/1.1" 200 1267795
"GET /admin/blog/post/add/ HTTP/1.1" 200 13254
"GET /admin/jsi18n/ HTTP/1.1" 200 3342
"POST /admin/blog/post/add/ HTTP/1.1" 302 0
"GET /admin/blog/post/ HTTP/1.1" 200 11829
"GET /admin/jsi18n/ HTTP/1.1" 200 3342
"GET /admin/ HTTP/1.1" 200 13322
"GET /static/admin/css/dashboard.css HTTP/1.1" 304 0
"GET /admin/auth/group/ HTTP/1.1" 200 11955
"GET /admin/jsi18n/ HTTP/1.1" 200 3342
"GET /admin/ HTTP/1.1" 200 13322
"GET /static/admin/css/base.css HTTP/1.1" 304 0
"GET /static/admin/css/responsive.css HTTP/1.1" 304 0
"GET /static/admin/js/theme.js HTTP/1.1" 304 0
"GET /static/admin/css/dark_mode.css HTTP/1.1" 304 0
"GET /static/admin/css/nav_sidebar.css HTTP/1.1" 304 0
"GET /static/admin/js/nav_sidebar.js HTTP/1.1" 304 0
"GET /static/admin/img/icon-changelink.svg HTTP/1.1" 304 0
"GET /static/admin/img/icon-addlink.svg HTTP/1.1" 304 0
Internal Server Error: /books/
Traceback (most recent call last):
  File "/usr/local/lib/python3.11/site-packages/django/urls/base.py", line 81, in reverse
    extra, resolver = resolver.namespace_dict[ns]
                      ~~~~~~~~~~~~~~~~~~~~~~~^^^^
KeyError: 'blog'

During handling of the above exception, another exception occurred:

Traceback (most recent call last):
  File "/usr/local/lib/python3.11/site-packages/django/core/handlers/exception.py", line 55, in inner
    response = get_response(request)
               ^^^^^^^^^^^^^^^^^^^^^
  File "/usr/local/lib/python3.11/site-packages/django/core/handlers/base.py", line 220, in _get_response
    response = response.render()
               ^^^^^^^^^^^^^^^^^
  File "/usr/local/lib/python3.11/site-packages/django/template/response.py", line 114, in render
    self.content = self.rendered_content
                   ^^^^^^^^^^^^^^^^^^^^^
  File "/usr/local/lib/python3.11/site-packages/django/template/response.py", line 92, in rendered_content
    return template.render(context, self._request)
           ^^^^^^^^^^^^^^^^^^^^^^^^^^^^^^^^^^^^^^^
  File "/usr/local/lib/python3.11/site-packages/django/template/backends/django.py", line 107, in render
    return self.template.render(context)
           ^^^^^^^^^^^^^^^^^^^^^^^^^^^^^
  File "/usr/local/lib/python3.11/site-packages/django/template/base.py", line 172, in render
    return self._render(context)
           ^^^^^^^^^^^^^^^^^^^^^
  File "/usr/local/lib/python3.11/site-packages/django/test/utils.py", line 114, in instrumented_test_render
    return self.nodelist.render(context)
           ^^^^^^^^^^^^^^^^^^^^^^^^^^^^^
  File "/usr/local/lib/python3.11/site-packages/django/template/base.py", line 1018, in render
    return SafeString("".join([node.render_annotated(context) for node in self]))
                              ^^^^^^^^^^^^^^^^^^^^^^^^^^^^^^^^^^^^^^^^^^^^^^^^^
  File "/usr/local/lib/python3.11/site-packages/django/template/base.py", line 1018, in <listcomp>
    return SafeString("".join([node.render_annotated(context) for node in self]))
                               ^^^^^^^^^^^^^^^^^^^^^^^^^^^^^^
  File "/usr/local/lib/python3.11/site-packages/django/template/base.py", line 979, in render_annotated
    return self.render(context)
           ^^^^^^^^^^^^^^^^^^^^
  File "/usr/local/lib/python3.11/site-packages/django/template/loader_tags.py", line 159, in render
    return compiled_parent._render(context)
           ^^^^^^^^^^^^^^^^^^^^^^^^^^^^^^^^
  File "/usr/local/lib/python3.11/site-packages/django/test/utils.py", line 114, in instrumented_test_render
    return self.nodelist.render(context)
           ^^^^^^^^^^^^^^^^^^^^^^^^^^^^^
  File "/usr/local/lib/python3.11/site-packages/django/template/base.py", line 1018, in render
    return SafeString("".join([node.render_annotated(context) for node in self]))
                              ^^^^^^^^^^^^^^^^^^^^^^^^^^^^^^^^^^^^^^^^^^^^^^^^^
  File "/usr/local/lib/python3.11/site-packages/django/template/base.py", line 1018, in <listcomp>
    return SafeString("".join([node.render_annotated(context) for node in self]))
                               ^^^^^^^^^^^^^^^^^^^^^^^^^^^^^^
  File "/usr/local/lib/python3.11/site-packages/django/template/base.py", line 979, in render_annotated
    return self.render(context)
           ^^^^^^^^^^^^^^^^^^^^
  File "/usr/local/lib/python3.11/site-packages/django/template/defaulttags.py", line 480, in render
    url = reverse(view_name, args=args, kwargs=kwargs, current_app=current_app)
          ^^^^^^^^^^^^^^^^^^^^^^^^^^^^^^^^^^^^^^^^^^^^^^^^^^^^^^^^^^^^^^^^^^^^^
  File "/usr/local/lib/python3.11/site-packages/django/urls/base.py", line 92, in reverse
    raise NoReverseMatch("%s is not a registered namespace" % key)
django.urls.exceptions.NoReverseMatch: 'blog' is not a registered namespace
"GET /books/ HTTP/1.1" 500 155072
/app/bookstore/urls.py changed, reloading.
Watching for file changes with StatReloader
Watching for file changes with StatReloader
/app/blog/views.py changed, reloading.
Watching for file changes with StatReloader
"GET /books/ HTTP/1.1" 200 9845
"GET /media/books/56b50045adc0ebbc.jpg HTTP/1.1" 304 0
"GET /media/books/bagatiy-tato-bdniy-tato-chomu-vchaty-dtey-bagat-batyki----ne-vchaty-bdn_4617-512x512.jpg HTTP/1.1" 304 0
"GET /media/books/Screenshot_3333.png HTTP/1.1" 304 0
"GET /media/books/47489536251f403e9181258bc8ab5aef.jpeg HTTP/1.1" 304 0
"GET /media/books/Screenshot_32.png HTTP/1.1" 304 0
"GET /media/books/Screenshot_1111.png HTTP/1.1" 304 0
"GET /admin/ HTTP/1.1" 200 13322
"GET /static/admin/css/base.css HTTP/1.1" 304 0
"GET /static/admin/js/theme.js HTTP/1.1" 304 0
"GET /static/admin/css/dark_mode.css HTTP/1.1" 304 0
"GET /static/admin/css/dashboard.css HTTP/1.1" 304 0
"GET /static/admin/css/nav_sidebar.css HTTP/1.1" 304 0
"GET /static/admin/css/responsive.css HTTP/1.1" 304 0
"GET /static/admin/js/nav_sidebar.js HTTP/1.1" 304 0
"GET /static/admin/img/icon-addlink.svg HTTP/1.1" 304 0
"GET /static/admin/img/icon-changelink.svg HTTP/1.1" 304 0
"GET /admin/auth/group/ HTTP/1.1" 200 11955
"GET /admin/jsi18n/ HTTP/1.1" 200 3342
"GET /admin/ HTTP/1.1" 200 13322
